before_file,before_group,before_start,before_end,before_th_mean,before_th_std,before_speed,before_voltage,before_sp_max,before_acc_max,before_current,before_rpm_mean,before_rpm_min,before_motor_top_pct,before_motor_bottom_pct,before_shake_err_roll,before_shake_err_pitch,before_shake_err_yaw,before_shake_gyro_roll,before_shake_gyro_pitch,before_shake_gyro_yaw,before_shake_sp_roll,before_shake_sp_pitch,before_shake_sp_yaw,before_high_gyro_roll,before_high_gyro_pitch,before_high_gyro_yaw,before_high_raw_roll,before_high_raw_pitch,before_high_raw_yaw,before_high_D_roll,before_high_D_pitch,before_D_roll,before_D_pitch,before_shake_combined,before_shake_peak,before_shake_peak_t,before_shake_time_gt8,before_motor_activity_roll,before_motor_activity_pitch,before_rpm_min_p05,before_trigger,before_pre_th_min,before_pre_speed,before_pre_sp_max,before_pre_acc_max,before_pre_rpm_min,before_pre_low_rpm_p05,before_pre_low_rpm_median,before_pre_low_duration,before_eligible,today_file,today_group,today_start,today_end,today_th_mean,today_th_std,today_speed,today_voltage,today_sp_max,today_acc_max,today_current,today_rpm_mean,today_rpm_min,today_motor_top_pct,today_motor_bottom_pct,today_shake_err_roll,today_shake_err_pitch,today_shake_err_yaw,today_shake_gyro_roll,today_shake_gyro_pitch,today_shake_gyro_yaw,today_shake_sp_roll,today_shake_sp_pitch,today_shake_sp_yaw,today_high_gyro_roll,today_high_gyro_pitch,today_high_gyro_yaw,today_high_raw_roll,today_high_raw_pitch,today_high_raw_yaw,today_high_D_roll,today_high_D_pitch,today_D_roll,today_D_pitch,today_shake_combined,today_shake_peak,today_shake_peak_t,today_shake_time_gt8,today_motor_activity_roll,today_motor_activity_pitch,today_rpm_min_p05,today_trigger,today_pre_th_min,today_pre_speed,today_pre_sp_max,today_pre_acc_max,today_pre_rpm_min,today_pre_low_rpm_p05,today_pre_low_rpm_median,today_pre_low_duration,today_eligible
LOG00008,Idle off,22.390351,23.390351,26.92988165680473,1.332111589833988,32.13881264692004,24.56349112426036,133.0,1.520529607813845,4.403205128205129,12201.7258382643,8271.42857142857,0.0,0.0,2.096049216203506,1.5704624162802796,1.1987188521011038,3.0624213854420197,2.2286184524535844,2.25534854413838,2.6637490500126706,1.67208806442497,2.1815413012828,0.3316477022936737,0.6373523736254679,0.2948087583741614,6.676376192975278,10.533716566229405,5.364094613587226,1.2963993869513606,3.694672890553111,8.224476386635171,6.063113162631858,1.8519954802450544,3.0764977469205403,22.948139,0.0,1.2963993869513606,3.694672890553111,8600.0,22.340351,0.0,27.382690446238275,43.0,2.032571802689184,3214.285714285714,3342.8571428571427,3514.285714285714,0.2210879999988719,True,LOG00004,Idle 35,34.075325,35.075325,27.39378698224852,12.770656811705308,33.99160442687808,24.188678500986192,25.0,1.897350612383878,5.001528599605523,12317.821921668075,3685.714285714286,0.0,0.0,0.9112120350190409,0.8677692726477859,0.7012765535180916,0.9943136688280895,0.7954062323709931,1.1442813082482348,0.47481873228303084,0.3578866327924374,1.1472584802033758,0.3792558506298923,0.5412664068822148,0.2915053493327193,2.6522999047506377,3.4640719731121674,5.626030207990336,1.677792846340771,3.069235951536813,3.6080121229411,4.194130396522916,0.889755832606679,1.9237830303853354,34.076632,0.0,1.677792846340771,3.069235951536813,3857.1428571428573,34.025325,0.5,22.338527421676243,74.0,1.0345218657906416,3271.4285714285716,3409.285714285714,3700.0,0.4875779999975123,True
LOG00008,Idle off,41.410617,42.410617,38.27357001972386,7.9542882680111555,18.30102578015462,23.833964497041425,149.0,3.4880347084672083,8.496242603550295,15735.809382924766,8971.42857142857,0.0,0.0,6.738351938262393,8.5828993794909,1.5145079282194518,6.78790940014283,9.149504716482667,1.8452336007717367,1.216029457017948,2.761363186738575,0.9129870406641004,0.6426341758763444,0.7502262071238679,0.4665523595193578,4.5680366507413375,6.73149807462397,6.912595613232156,3.4447330495372404,4.608426533843478,16.764525333712683,20.462791555999875,7.715942865338933,18.39031478310812,41.79275,0.3274161735700197,3.4447330495372404,4.608426533843478,10200.0,41.360617,0.0,51.81543689423084,1170.0,7.173257432728698,3157.1428571428573,3414.285714285714,3542.8571428571427,1.017596999994808,True,LOG00002,Idle 35,42.005249,43.005249,36.29082840236686,7.108147719907739,12.559748972319998,24.20856015779093,90.0,3.4121335863412803,7.506972386587771,15362.450690335305,8471.42857142857,0.0,0.0,6.442145722078088,6.316321686125073,1.3818779399350125,6.407108153477044,6.385443060430527,1.3851316044039643,0.5071819543768169,0.5520387973534138,0.12941211112913342,0.6348153793448187,0.5908947150188204,0.33501974499755127,3.204385238889163,3.1044296824185396,6.659941586235026,3.3475027110038194,3.4808378380457445,14.416220592567596,16.32183711669447,6.379543915794562,14.44847005434485,42.277914,0.19822485207100593,3.3475027110038194,3.4808378380457445,8814.285714285714,41.955249,0.0,38.25361439251211,943.0,7.068109917435276,2914.285714285714,3428.5714285714284,3514.285714285714,1.2870479999934332,True
LOG00008,Idle off,43.778474,44.778474,30.040138067061147,2.786091190709543,28.51891549484302,23.99118343195266,111.0,2.0509344134582888,5.50886587771203,13028.574950690336,7385.714285714285,0.0,0.0,2.82541803462463,2.825465282732182,0.9402067208696012,3.479882913638699,3.624516473294429,0.9659661395150276,1.9925300375381123,2.6685403915927126,0.7247372458263502,0.4801290660823938,0.5631614696011338,0.3520746777442322,6.876138425520866,8.859953784450683,5.007920447231588,2.4546268053329774,3.334250559727044,8.92114258432528,9.334671642567628,2.825441658777167,5.207984981438669,43.78471,0.0,2.4546268053329774,3.334250559727044,8914.285714285714,43.728474,0.0,42.2817131493593,764.0,6.9630037060472585,3257.1428571428573,3385.714285714286,3514.285714285714,0.6454979999967065,True,LOG00008,Idle 35,9.001754,10.001754,29.823767258382645,4.803025140684187,35.399695103040095,24.553481262327416,128.0,2.6283675799641295,5.322080867850099,13191.494082840236,8271.42857142857,0.0,0.0,3.2168579192845623,2.9098055822630355,0.8785225741030225,3.256103340157198,2.956672069748953,0.8411681028640696,0.7043485879496497,0.7951726215174524,0.4778231848045571,0.48729010363067926,0.5751904385725112,0.369588169900918,4.827328559487496,5.370469940653919,4.6132150566253065,2.406516859641692,3.3968192043448497,9.829011519762366,9.596699794346012,3.067176502863254,5.9312231923984715,9.002075,0.0,2.406516859641692,3.3968192043448497,8852.142857142857,8.951754,0.0,30.54811344078065,489.0,6.875273629725351,3300.0,3385.714285714286,3500.0,0.37999499999259,True
LOG00008,Idle off,54.370571,55.370571,28.16932938856016,3.025642570183909,14.253832674106128,24.045818540433924,66.0,1.9360017213183232,4.842534516765286,12425.390955198647,9114.285714285714,0.0,0.0,3.4599701495538406,3.526835856844694,1.1588385178995395,3.4797789404776083,3.799294688093051,1.27976961810195,1.4455584408899944,1.0070173454567366,1.06681414393214,0.490220971134651,0.5505867718674898,0.3735602884931918,8.65731433963517,8.784351098715629,6.291566835266694,2.563351203654641,3.2286874215735533,9.129735538662503,10.023345530375662,3.4935629804634325,6.454692159568348,54.755662,0.0,2.563351203654641,3.2286874215735533,10057.142857142857,54.320571,0.0,35.1511535822361,421.0,0.9405445254553416,3271.428571428572,3442.8571428571427,3514.285714285714,1.070894999994536,True,LOG00004,Idle 35,14.714022,15.714022,35.638362919132156,10.101803190258643,20.404255873845532,24.33044378698225,56.0,2.974164422282787,7.840138067061144,14975.010566356721,9214.285714285714,0.0,0.0,1.3807744956432666,1.4893038374067,0.6051038068998537,1.3703006927042485,1.5570231629812694,0.6051038068840728,0.2829425728437858,0.4127464390432363,1.8753376219409326e-10,0.38538554880630876,0.5106932810985363,0.30186857436482745,3.8108191953477495,4.2328387668140515,3.5593830606370216,1.6630018977392873,2.974861401145272,3.960853811886037,6.064902099403185,1.4360647840423562,2.1661555536914543,14.74987,0.0,1.6630018977392873,2.974861401145272,9518.57142857143,14.664022,7.7,30.994738730295154,169.0,2.121724015764601,3385.714285714286,3444.285714285714,3542.8571428571427,0.4569809999976684,True
LOG00008,Idle off,63.999665,64.99966500000001,24.165285996055225,2.450869923056856,64.86929117907115,23.65486193293886,214.0,2.155066400288281,3.7339842209072978,10718.91730064807,4757.142857142857,0.0,0.0,5.450364705388696,2.956505009826468,1.807325971867534,6.4281197023555885,3.183110222167565,3.0367485043068028,3.913031578120832,1.3652720344079314,3.4192066897552653,0.5531309075463391,0.8414565040751072,0.4723246320005184,5.350085399213949,9.338682168234522,5.263878031647778,2.809033171578796,5.02340812244435,12.52744521557334,9.029919586117886,4.384483851884723,10.10668306532322,64.013793,0.1035502958579881,2.809033171578796,5.02340812244435,5066.428571428572,63.949665,9.1,49.29143408253897,135.0,5.724185590828897,3257.1428571428573,3328.5714285714284,3457.1428571428573,0.109556999999441,True,LOG00004,Idle 35,46.765107,47.765107,17.21528599605523,16.37188301083822,56.212943399892424,24.24060157790927,98.0,2.4042362853162134,4.200443786982249,10835.830515638208,3371.4285714285716,0.0,0.9861932938856016,1.604019673874367,1.4301328005372695,0.9321932147717903,1.4432667591838246,1.3884508699451767,1.0535978786108129,0.9525370651750468,0.4509508061855697,0.912517496351272,0.39782366241413136,0.5047422055369304,0.33046888204249686,3.1404599944481135,4.7957681389726545,4.424866419401793,1.6727586467061666,2.8050175934804003,5.05297381535846,5.1738036854848755,1.5195655532665588,2.442963200261659,47.367234,0.0,1.6727586467061666,2.8050175934804003,3457.1428571428573,46.715107,0.0,44.68127488038657,26.0,0.6660702143248612,3385.714285714286,3457.1428571428573,3500.0,1.2159839999937958,True
LOG00008,Idle off,80.476788,81.476788,42.95729783037475,10.99333404783253,22.45101749931707,23.322731755424066,117.0,4.854651409170944,10.584595660749509,16687.940264863344,9657.142857142857,0.0,0.0,2.102152714480089,2.3277513948994724,1.034570115810332,3.1891770151260506,2.686896515783987,1.1677917853628244,1.945667434616952,1.7885435121146387,1.208155542045564,0.4375074524578624,0.6583631378029068,0.3523350166002834,5.187437794561653,6.229343934932992,7.547551332575156,2.0544154409410145,3.636193896987215,6.030739795846535,7.340882791448923,2.217822422045152,3.2817857356944,81.31966,0.0,2.0544154409410145,3.636193896987215,10328.57142857143,80.426788,0.0,23.24504789476998,1170.0,2.506386134381604,3314.285714285714,3457.1428571428573,3528.5714285714284,0.6741209999965605,True,LOG00008,Idle 35,37.415613,38.415613,38.88165680473373,5.809571678984809,19.166535105058763,23.728037475345168,81.0,3.6806713821771537,8.629664694280079,15867.31825866441,10500.0,0.0,0.0,3.79739805289667,3.68347578646247,1.173753497479287,3.822574141207168,3.7854649969679492,1.280594596091914,0.5585179384818618,0.3439434795598666,0.6863730082325052,0.3615986622584713,0.44996307353419523,0.2919795938104155,2.168743472587911,2.978355583539738,5.273922654479013,1.5920599910748392,2.516651148051769,10.104727739154864,8.458041235325206,3.7408706100050244,9.693150716492834,37.470189,0.10157790927021697,1.5920599910748392,2.516651148051769,10800.0,37.365613,0.0,30.70597017086934,943.0,6.22674003166105,3385.714285714286,3457.1428571428573,3514.285714285714,1.4775389999711876,True
LOG00008,Idle off,85.857654,86.857654,36.17426035502958,3.2060221617824958,10.973365903260222,23.41660749506904,25.0,2.4244747851557875,7.315808678500986,14729.857001972388,8342.857142857143,0.0,0.0,4.888813428971213,5.558501025351058,1.7657933552722098,4.844621999885609,5.435848293790422,1.6589400974281086,0.7521348131878973,1.1826998882914976,0.4766616719421282,0.6598094966010839,0.6340604212688998,0.4633673003043654,5.269881603796745,5.787555347846364,6.610760367376551,3.5102829808671485,3.8362640782360233,12.349967459571118,14.857674552117736,5.234378205294209,12.131188869036835,86.030626,0.2307692307692307,3.5102829808671485,3.8362640782360233,9856.42857142857,85.807654,0.0,29.22510496758573,175.0,0.9003569954572458,3400.0,3457.1428571428573,3514.285714285714,1.1103749999943346,True,LOG00004,Idle 35,118.311996,119.311996,30.202761341222885,8.097578732536645,12.238332459645246,23.20024654832347,91.0,2.317438625687579,5.667544378698224,12760.20357847281,5157.142857142857,0.0,0.0,5.461611644722487,5.618690288579652,1.000400827820254,5.8734910180300135,5.791383050183432,1.0346763830133627,2.0190180526799213,1.0241159691796702,0.9161883366895915,0.4592377995843504,0.6162913548587032,0.3483717657805599,2.3634620696038375,4.244925270381088,4.925068804907348,2.205470393973247,3.5684916956526207,15.369351402211313,13.502720888783657,5.5407076405792965,13.733800053978648,118.380386,0.15877712031558186,2.205470393973247,3.5684916956526207,6342.142857142858,118.261996,0.0,27.82700344873556,183.0,1.0756649755112537,3171.4285714285716,3428.5714285714284,3500.0,0.7037309999964094,True
LOG00008,Idle off,104.786333,105.786333,29.48846153846154,3.3155444961152187,15.218182672868291,22.912662721893494,23.0,2.109904413544036,4.885384615384615,12320.505776275006,7600.0,0.0,0.0,5.737533058395204,4.359470191324983,1.470701914172752,5.725894242235133,4.736243923166872,1.7039963260136388,0.7650484574208554,1.07951429843913,0.7371496260084085,0.6400653724382118,0.8422811540493286,0.5250283142289499,9.043713239845887,8.926323265158878,7.646019105378258,3.420412839156107,4.990523322308014,13.929450304976738,12.936577197458329,5.095304993090646,10.585697572542118,104.956336,0.1499013806706114,3.420412839156107,4.990523322308014,8242.857142857143,104.736333,4.5,51.78332675077922,209.0,0.9060066159408892,3128.5714285714284,3442.8571428571427,3514.285714285714,0.7580159999961325,True,LOG00006,Idle 35,17.75221,18.75221,28.736883629191322,2.5817903807792497,14.846452464409222,22.827445759368835,63.0,1.7957970080791632,4.620670611439841,12046.939278670048,9000.0,0.0,0.0,2.055283099052352,2.1605772577597855,0.6521122447524182,1.9599127257877513,2.0846895936106176,0.624574818127879,0.784912468603991,0.596807052482573,0.2413527750740927,0.37815920178343965,0.4448778503043406,0.3204584136981357,6.58450044616674,6.253918968615128,4.0251612350586266,1.7397859659217119,2.424354267252403,6.354423516327195,6.851265737735837,2.108587525335269,4.135234983925785,17.966648,0.0,1.7397859659217119,2.424354267252403,9366.42857142857,17.70221,0.0,36.35967580829479,339.0,5.981969544151114,3200.0,3428.5714285714284,3528.5714285714284,1.0077269999948584,True
LOG00008,Idle off,114.305726,115.305726,40.05059171597633,5.223165159649912,16.80067207330055,23.002376725838264,43.0,3.092612317450236,8.492712031558186,15796.590588898282,7785.714285714285,0.0,0.0,5.532110108483073,4.812134034818647,1.341308681469993,5.654041978641399,4.781370936480823,1.45376153733354,1.2538719238611975,0.8852308772761123,1.0274491837714157,0.5971811895671494,0.7021022178806406,0.4602081287472031,4.5386961193500905,5.259901397403272,7.421286262948894,3.2315475100536144,4.330770911845545,13.956999332763235,12.38871567734615,5.184634809774002,12.397385556258495,114.421471,0.2021696252465483,3.2315475100536144,4.330770911845545,11714.285714285714,114.255726,0.0,34.61886413074514,138.0,0.7896101156102753,3414.285714285714,3457.1428571428573,3500.0,1.4350979999926778,True,LOG00002,Idle 35,102.270862,103.270862,37.60936883629191,14.987166798136428,10.012590098390909,23.22183431952663,90.0,6.851465117959736,7.731420118343194,15167.83953226261,10085.714285714286,1.3806706114398422,0.0,5.514047687355794,6.732355502689702,1.455251479874101,5.624610273986275,7.139712990161802,1.9013518953583999,0.9865517837895525,1.9164945846569823,1.3512842709759985,0.6879464009344625,0.6728442376044278,0.4044203055462975,5.220142888078719,5.540872023544059,4.6824047277557375,3.157136357907305,3.334616363784727,11.336436516798756,15.370474270169442,6.153427196003465,15.682166226729143,102.339249,0.15581854043392504,3.157136357907305,3.334616363784727,10400.0,102.220862,0.0,30.489617168794965,113.0,1.3363269439040837,3400.0,3457.1428571428573,3542.8571428571427,0.9751559999950246,True
LOG00008,Idle off,127.524865,128.524865,34.237968441814594,10.186268564747634,42.427817374600096,22.67807692307692,227.0,3.5131310666460647,7.1973372781065095,13587.355593124825,5228.571428571428,0.0,0.0,6.67441693450034,8.823156492375263,2.0398334923932766,6.598056767480834,9.752866757558929,2.3214673732127973,2.52274382435138,3.5847535049577908,1.2202932485748688,0.7647310076264182,1.1427411814926076,0.6043953885923784,4.472187393453022,6.764812589400607,5.472413667002844,4.100402826202615,7.149702946930162,17.029444277092185,22.624474886841583,7.822912881545108,16.493226512307658,128.002721,0.4358974358974359,4.100402826202615,7.149702946930162,5866.428571428572,127.474865,0.0,83.78423995593637,800.0,6.021556456632758,3228.5714285714284,3385.714285714286,3514.285714285714,0.5438369999972252,True,LOG00002,Idle 35,97.559071,98.559071,36.425345167652864,10.644362094906699,38.57943011800492,23.31485207100592,143.0,6.456562355218381,7.583786982248521,14768.424204001129,6842.857142857143,0.0,0.0,4.82658683128009,3.9795654935083915,1.4543268373552634,4.870608048170448,4.5654505036553665,2.2066316276203666,0.7622716826543418,2.373633385368937,1.7480748501937995,0.8838622706728029,0.8956393764891799,0.5537367112809258,4.055101251036783,5.484833406773951,7.0179321288578285,4.635447933002048,5.097655850908582,15.251507507860573,14.766292442753901,4.423396995353745,10.061541939521014,97.641272,0.13313609467455623,4.635447933002048,5.097655850908582,7757.142857142857,97.509071,0.0,84.17912394695871,943.0,5.530902075735708,3300.0,3414.285714285714,3514.285714285714,1.1232059999942692,True
LOG00008,Idle off,131.491869,132.491869,51.67218934911242,13.978283937378343,28.759157850072256,22.17660749506903,81.0,5.620323568444042,13.702790927021695,18675.672724711185,6528.571428571428,0.0,0.0,7.797701921532503,5.097194662262058,2.107689192476064,7.719059974342386,5.31502542549008,2.0997895531150754,1.4127093449746315,1.3184917395745426,0.609053669195368,0.6767603012284903,1.010879260493316,0.4824216123938633,3.788611853123237,5.829792685694261,6.575524487206411,3.316857492448637,5.654422713680375,17.774641200949322,14.95548951611637,6.587319207464618,13.773060867654534,131.901605,0.3372781065088757,3.316857492448637,5.654422713680375,7804.285714285715,131.441869,0.0,81.54405391888828,1170.0,5.873620337958625,3014.285714285714,3342.8571428571427,3542.8571428571427,0.6711599999965756,True,LOG00008,Idle 35,244.07319900000002,245.07319900000002,47.565581854043394,21.598613550513928,27.265951952794186,21.88783037475345,162.0,6.092491782945579,11.771143984220908,17141.578613694,6557.142857142857,4.339250493096647,0.8875739644970414,14.221891292841116,15.681283179203966,4.9489573871282015,14.205360337969486,15.529781326307294,5.16697378891086,0.13840964887586898,1.739879650686495,0.5527019996849664,0.8825721940747278,1.081468434781927,0.6258965339174638,3.5965982575723507,6.265297665811475,5.0811927127698695,4.180558318395698,5.642274958122009,28.494194709622896,32.65939519762355,14.969382654133998,35.37470377430301,244.217553,0.5,4.180558318395698,5.642274958122009,7322.857142857143,244.023199,0.0,83.8653116610916,943.0,5.8810452343505375,3242.8571428571427,3414.285714285714,3514.285714285714,1.0778039999789826,True
LOG00008,Idle off,134.227607,135.227607,54.56410256410256,16.744491670842816,22.204027482753915,22.155976331360943,144.0,7.133494182656758,14.5955325443787,19075.602282333053,9028.57142857143,2.6627218934911245,0.0,2.295225785579428,2.869662611250106,1.124407453265358,2.287882831180707,2.885688377597009,1.0896076872309854,0.1913460509617945,1.7802574685580348,0.646851447858669,0.6831013314879585,0.937823983125586,0.4438173958998043,3.729765805597199,5.294305912319072,7.233885079667718,3.1033674755908884,4.800841211682935,6.829423521866662,8.993422974859667,2.5983672670732543,3.7799918995088144,134.335458,0.0,3.1033674755908884,4.800841211682935,11371.42857142857,134.177607,0.0,50.25002045844996,1170.0,6.552689148793722,3085.714285714286,3428.5714285714284,3528.5714285714284,0.9751559999950246,True,LOG00008,Idle 35,200.30645700000002,201.30645700000002,52.77800788954635,25.711439974034892,16.91333401290902,22.110394477317552,109.0,6.875817978488543,12.817159763313608,18149.54916877994,9414.285714285714,17.357001972386588,0.0,4.460464845083598,9.789443570322574,2.0737312151631127,4.5204165187277345,10.169086728758515,2.1300156013159492,0.6604298545834348,0.9763686065366971,0.1248775687332947,0.6054466703373745,0.8693746206638157,0.44266133150550085,2.7812312862202315,5.101854471969909,5.4006852328992005,2.2340909614956628,3.529477494607197,8.807664315261754,14.652449627243067,7.606870317376147,24.891638513145548,200.378793,0.1883629191321499,2.2340909614956628,3.529477494607197,9828.57142857143,200.256457,0.0,43.22005295682353,943.0,2.984536451196689,3200.0,3428.5714285714284,3514.285714285714,1.4193059999723232,True
LOG00008,Idle off,136.456252,137.456252,52.02998027613413,17.592047821329228,26.30566985709597,22.258905325443784,122.0,6.346488530663676,13.29749506903353,18413.12341504649,8085.714285714285,0.0,0.0,4.86828657869478,5.829457605450682,1.168861439601386,4.745111401441851,5.934355579138527,1.1877339800646614,1.0144188158242573,1.6311743992139112,0.3906058756572909,0.5924779310862477,0.9179965982903678,0.4358942832538857,3.644278968260343,5.372298564791296,6.424924642098486,2.8090798493993523,4.99756158053815,12.207484689556622,14.761282583530743,5.37041852121632,11.889574618739648,136.692355,0.2268244575936883,2.8090798493993523,4.99756158053815,9628.57142857143,136.406252,0.0,41.68554051637449,1170.0,7.133494182656758,3100.0,3385.714285714286,3528.5714285714284,0.8419109999957044,True,LOG00002,Idle 35,322.350503,323.350503,52.31173570019723,24.473462469211846,20.948833248342996,21.52024654832347,97.0,5.865886396661325,13.336341222879684,18331.864609749227,7185.714285714285,0.0,0.0,3.90838850273773,3.749354583212344,0.8454869025991526,4.2442397929654945,4.701036630563508,0.844842823954584,1.2034262729216698,2.5694989633109393,0.10649896109599574,0.5461035791019555,0.6495739641481536,0.3936544345359998,3.072926617479525,6.02814071152908,5.186678930263346,2.4171016242746446,2.93386924427991,8.438371548967377,11.33995919552681,3.8296971472289987,8.748134521788193,322.394229,0.08777120315581854,2.4171016242746446,2.93386924427991,7357.142857142857,322.300503,0.0,41.26606641832718,943.0,5.658387765449361,3271.4285714285716,3442.8571428571427,3514.285714285714,1.487408999992411,True
LOG00008,Idle off,138.804278,139.804278,34.70424063116371,9.379971095727978,14.650157520321208,22.54570019723866,103.0,3.0739820842456624,7.018175542406312,13641.64201183432,5400.0,0.0,0.0,8.079128921023031,5.255605291551346,1.3587761152490423,8.5075916103491,5.618854686268035,1.2878307784835767,2.6464536913858328,2.702358683100005,0.3106945885874306,0.6117842003440821,0.95991832550032,0.4834230413015831,4.315993016078198,6.9587983790661285,5.475481244367813,3.176873412632742,5.811648177929912,19.77302168581654,14.14827091978818,6.815192994446059,16.046980427597447,139.047287,0.3658777120315581,3.176873412632742,5.811648177929912,7869.285714285716,138.754278,0.0,46.356412254420405,1011.0,6.389417109790525,3128.5714285714284,3414.285714285714,3528.5714285714284,1.0560899999946116,True,LOG00008,Idle 35,197.049756,198.049756,38.33422090729783,15.234053082098733,13.847635399467547,22.41610453648915,84.0,5.291592780170594,8.001055226824459,14905.483939137786,6071.428571428572,0.0,0.0,6.74115676471675,6.404282736760389,1.526054778933771,6.7422067554918845,6.8563224006742525,1.5321472825823457,0.39982918012952073,1.646697077871973,0.10260403647074152,0.531416186467632,0.6446111393046386,0.47598571128937334,2.7790744956689677,3.978026734094442,5.486771991953896,2.316477318402587,3.3801339814230595,14.320438215722845,15.142843851836567,6.574877637601083,14.07571066089265,197.129984,0.20414201183431951,2.316477318402587,3.3801339814230595,6314.285714285715,196.999756,0.0,48.68319585192765,943.0,2.3165639273642826,3285.714285714286,3428.5714285714284,3500.0,1.4735909999712646,True
LOG00008,Idle off,145.709281,146.709281,40.570216962524654,13.225660930687695,21.29089681132965,22.518895463510848,131.0,4.332656938997912,9.385108481262328,15430.04719639335,8185.714285714285,0.0,0.0,3.094300870364224,3.411331914290281,1.011795874056496,3.278310206896247,3.648454623409021,0.9403256013554332,1.0619892291103814,1.6904544521959803,0.3394924935259862,0.5128195531046623,0.6820578313539671,0.4291898035335964,4.821975611800016,7.793181696918793,5.5278505670472,2.6457424686540487,3.9611882244823504,7.728313170258675,9.709894504166936,3.2566764734766176,5.952835666442981,146.321273,0.0,2.6457424686540487,3.9611882244823504,8800.0,145.659281,0.0,40.048000689446056,1170.0,6.200921366279913,3000.0,3414.285714285714,3514.285714285714,0.771833999996062,True,LOG00008,Idle 35,112.047359,113.047359,41.54418145956607,10.049839345895785,11.998007486646836,23.03355029585799,116.0,5.4862630479700485,8.504654832347137,16495.801634263174,12457.142857142857,0.0,0.0,4.475778742692124,7.259374668494259,1.2228623019047673,4.434755492288567,7.2081085533473015,1.233955589013584,0.5256119176895414,1.3435719482999022,0.3246762437699017,0.44965865571854136,0.6580427677678927,0.3626197136283937,2.3395799027677557,3.3148590510119544,5.548556964328447,1.9154494808837108,3.2674228841164856,10.606880651716757,14.86474191731039,6.03038622026446,18.229002170468192,112.09799,0.15877712031558186,1.9154494808837108,3.2674228841164856,12757.142857142857,111.997359,0.0,40.99937445293326,943.0,2.7269081836598765,3357.1428571428573,3442.8571428571427,3514.285714285714,1.48049999997113,True
LOG00008,Idle off,156.31202900000002,157.31202900000002,44.01114398422091,15.898959317194352,19.226074849979348,22.301725838264296,93.0,5.140009811369739,10.726873767258382,16445.26627218935,8471.42857142857,0.0,0.0,2.2208946940750427,3.035606390229614,0.884865651585773,2.317789878296654,3.437867489815285,0.8698951987606077,0.7365012819581911,1.3542595427358757,0.2945451791954999,0.5379107140640214,0.6766958695419781,0.3804385801404952,4.714353747368701,6.445002683332434,7.264956401383579,2.5049336664508792,3.659102364953952,6.368530867031992,9.169830904469723,2.659631496897037,5.939123338368063,157.204217,0.0,2.5049336664508792,3.659102364953952,9114.285714285714,156.262029,0.0,32.2687712758749,1170.0,7.242036935173226,3100.0,3428.5714285714284,3528.5714285714284,1.130114999994234,True,LOG00008,Idle 35,247.487742,248.487742,44.87465483234713,18.551695420833322,15.158868060265444,21.93937869822485,93.0,5.249819638923436,10.796834319526628,16484.703437588054,5657.142857142857,0.9861932938856016,0.2958579881656805,12.620469508033432,8.754691565431255,2.1772453860532575,12.57473636275064,9.335208364100032,2.1767175358991073,0.7359812908781056,1.73027010367683,0.14710242524396352,0.6230335970049634,0.7517958945775116,0.4757191585094056,4.4059663279433545,5.439432913625475,6.083044299747566,2.9608672789051216,3.6896939005791833,23.041447090486063,17.997452153670768,10.86095932708144,31.50989331105332,247.529493,0.30078895463510846,2.9608672789051216,3.6896939005791833,5952.142857142857,247.437742,0.0,44.11037880501697,943.0,5.373270089086496,3157.1428571428573,3428.5714285714284,3514.285714285714,1.307774999974498,True
LOG00008,Idle off,180.618275,181.618275,42.75907297830374,8.799000947895431,16.137418713541532,22.26266272189349,57.0,3.715582644748144,9.33363905325444,16048.777824739362,7871.428571428572,0.0,0.0,7.634456101686522,6.510882196530163,2.6636136883933643,7.7470769734113585,6.5838191525341285,2.5831854464432453,0.9451989553709652,1.1211922464723534,0.5374551856241377,0.5543692544594313,0.9839741983671886,0.4585515668610873,3.077422652136955,5.950506085013597,7.457674650294268,2.8307873476791885,5.859152354451555,15.938027169608276,16.528530112877785,7.094945628603223,16.813440208393896,180.868191,0.2889546351084812,2.8307873476791885,5.859152354451555,8271.42857142857,180.568275,0.0,40.57758576727861,987.0,2.2771436757162986,2971.428571428572,3428.5714285714284,3514.285714285714,1.1074139999943498,True,LOG00002,Idle 35,315.204759,316.204759,40.7171597633136,8.404915523121398,17.03909132152965,21.875039447731755,92.0,4.781292634661704,8.498155818540434,15590.539588616512,11371.42857142857,0.0,0.0,7.837592872916444,7.039334206645976,1.1780144293242718,8.04281345929775,7.041486952487968,1.1970623012298056,0.7963320667575822,1.2377561970055113,0.07921434619478232,0.5467499606447697,0.6210981986468206,0.4111618252531488,3.323039882687917,4.594868509881089,5.047791084315087,2.6267672984402104,3.4417124571067554,15.373329193544794,14.93919298956564,7.4491639837785435,17.90345416652616,315.284,0.26232741617357,2.6267672984402104,3.4417124571067554,11714.285714285714,315.154759,0.0,46.89208876769272,943.0,2.9503777860132074,3171.4285714285716,3442.8571428571427,3514.285714285714,1.4814869999924412,True
LOG00008,Idle off,228.390496,229.390496,43.28333333333334,16.179912069271648,19.42165847385929,21.891982248520712,227.0,7.056913901115311,9.45440828402367,15625.084530853765,8600.0,5.226824457593689,0.0,3.41163654656801,4.90776473960219,1.0900300176566362,3.5533732935063984,6.650041071993888,1.2424182136405824,1.0537003082461052,3.962382235924629,0.8677209608865368,0.5949376111301657,0.8751159584042827,0.4872706003461976,4.307786115820172,9.012666392865214,5.903066235525536,2.929716921081951,4.830657512435163,10.256185894981916,17.251818644662464,4.226429856578776,10.173141874920862,228.574316,0.1952662721893491,2.929716921081951,4.830657512435163,10471.42857142857,228.340496,0.0,30.913740755303603,1170.0,6.872553112508916,3057.1428571428573,3400.0,3514.285714285714,0.5981219999969483,True,LOG00002,Idle 35,239.97938100000002,240.97938100000002,43.98836291913215,17.969708861594263,13.143910346052573,22.062988165680473,111.0,5.565276021152938,10.446873767258383,16242.843054381518,7685.714285714285,0.591715976331361,0.0,4.31598848252752,10.03047834720913,1.5267920400152282,4.334863769167344,10.086446528790177,1.3395866669641743,1.2490506934513776,1.0135357326814458,0.5883655160777181,0.5535693835933333,0.6753354307211211,0.44251931047968196,3.3259062188993687,5.753731503323129,5.927649507003571,2.499014382419202,3.369536993367721,10.517947467776745,19.83295625584229,7.72134225556481,25.770221257247414,240.028039,0.15680473372781065,2.499014382419202,3.369536993367721,8361.42857142857,239.929381,0.0,31.75389440858542,943.0,2.85557649881407,3128.5714285714284,3428.5714285714284,3514.285714285714,1.4193059999927584,True
LOG00008,Idle off,230.790839,231.790839,37.38589743589744,12.398407208787926,12.140676342621374,21.998668639053257,149.0,3.423647660908688,7.76776134122288,14147.717666948434,7971.428571428572,0.0,0.0,4.006620935804475,5.4155140530996375,1.304085684376263,4.263359802804849,6.878674053257408,1.3356290127742134,1.0064064980691465,3.1506986507176724,0.5431697904209775,0.4738449680413584,0.5971555665030983,0.3985044505803075,4.466847328111663,6.165885916602902,6.638735895386573,2.2674307380042564,3.321510808919367,10.42901240783428,14.80281304893552,4.763444330657512,9.200617324032113,231.369289,0.1449704142011834,2.2674307380042564,3.321510808919367,8495.0,230.740839,0.0,28.69494876898183,1170.0,7.056913901115311,3228.5714285714284,3400.0,3528.5714285714284,0.9425849999951909,True,LOG00002,Idle 35,209.125762,210.125762,33.67357001972387,8.330578144725212,11.155791579175276,22.404861932938854,62.0,3.357351252427229,5.97370808678501,13733.572837418991,7042.857142857143,0.0,0.0,4.0421558211405735,3.7383442635458795,0.8335047772555393,3.893029281587467,3.9674967829881904,0.8645209650825209,0.5638059797020971,1.0404578112727136,0.21418813305133624,0.38145429936053143,0.4996653338425818,0.3073195073989127,3.4386821925903788,4.441030224839478,4.632968790499633,1.6394065081439495,2.5263645282770297,8.048791056757851,9.209858794455357,3.893214707357339,10.917003224179986,209.126078,0.10650887573964497,1.6394065081439495,2.5263645282770297,7514.285714285715,209.075762,0.0,23.468386437258864,943.0,7.124145858162509,3057.1428571428573,3428.5714285714284,3528.5714285714284,1.2890219999934232,True
LOG00008,Idle off,249.773609,250.773609,27.313214990138064,5.241047868555042,17.64480200386208,22.019467455621303,82.0,2.065727079007403,4.167524654832347,11146.520146520146,8028.571428571428,0.0,0.0,2.071712638553891,2.180745179367436,0.6444624699438167,1.8816823353074263,2.5460596191185307,0.6142387457512252,0.5636934170168606,1.6018335723084076,0.1412987346320263,0.4549078951894205,0.479192725019557,0.3754967600507953,5.881634667909684,8.36969230508397,6.407886484468071,2.2408871109816646,2.608270400402356,6.002054217711394,6.903747945876735,2.1269276896592224,3.405275378295611,250.236629,0.0,2.2408871109816646,2.608270400402356,8242.857142857143,249.723609,0.0,31.189206471360585,1170.0,3.025906365543774,3185.714285714286,3442.8571428571427,3514.285714285714,1.1607119999940778,True,LOG00008,Idle 35,202.79954500000002,203.79954500000002,30.24161735700197,21.928642202914578,16.639534040899544,22.312297830374753,132.0,5.940322325659876,6.138994082840236,12044.78021978022,3671.4285714285716,0.2958579881656805,0.0,4.066325097064507,3.735479498795009,1.131618123311098,4.1036768418156,4.055288567805331,1.1112278393335047,0.7397201408106752,1.7208877361774184,0.11178108829731749,0.4395869533389418,0.7271501057525345,0.4137073564841874,2.520005248755562,4.455580040204787,4.149484530833228,1.670412997756611,3.528042898897036,7.44075879993013,12.780926062141083,3.9044082061776324,10.926721091594427,202.832418,0.11242603550295859,1.670412997756611,3.528042898897036,3895.0,202.749545,0.0,40.21350676833709,943.0,6.622813169765263,3185.714285714286,3428.5714285714284,3514.285714285714,1.3294889999740747,True
LOG00008,Idle off,252.484719,253.484719,37.50295857988166,7.358895589964862,20.76247065798977,21.85807692307692,168.0,3.17030867063574,7.550305719921105,14256.25528317836,7414.285714285715,0.0,0.0,5.925158610983444,7.021540170473605,1.6466205908140008,6.004338016264786,6.945366602608627,1.5868207792797375,0.702932694494575,2.172650700204147,0.4579438390442751,0.5868964613746916,0.7628197166496837,0.5424401541413393,5.4102085445273085,6.796728224830537,6.504754653485579,3.190697549096232,4.653700939395447,16.71757510987286,17.42144951928677,6.496519488575628,10.543063438820276,252.878677,0.3747534516765286,3.190697549096232,4.653700939395447,8970.714285714286,252.434719,0.0,45.91280634641413,1170.0,6.667017255942415,2928.5714285714284,3385.714285714286,3514.285714285714,0.7343279999962533,True,LOG00006,Idle 35,67.835174,68.835174,39.77268244575937,18.05256168897555,17.789227903217334,22.0108382642998,164.0,6.607302726372701,8.60326429980276,14965.479712595097,5242.857142857143,4.437869822485207,0.0,4.729397422219531,3.9488937199817498,1.9583570503447456,6.791373420366311,4.316547597698324,1.8744644215413706,4.213144115374517,1.4477886771027628,1.6943582436257922,0.5540652882659435,0.7237599557376334,0.4711316121679916,4.045720528767202,5.6073616867699325,5.023828077045731,2.545241077917019,3.8593840436420224,18.214344001807298,12.54538113295898,4.356659361770671,9.925051989923656,67.940071,0.15384615384615385,2.545241077917019,3.8593840436420224,8140.714285714286,67.785174,0.0,56.75254204733626,943.0,7.001358819955962,3028.5714285714284,3385.714285714286,3585.714285714286,0.9741689999950296,True
