file,group,start,end,th_mean,th_std,speed,voltage,sp_max,acc_max,current,rpm_mean,rpm_min,motor_top_pct,motor_bottom_pct,shake_err_roll,shake_err_pitch,shake_err_yaw,shake_gyro_roll,shake_gyro_pitch,shake_gyro_yaw,shake_sp_roll,shake_sp_pitch,shake_sp_yaw,high_gyro_roll,high_gyro_pitch,high_gyro_yaw,high_raw_roll,high_raw_pitch,high_raw_yaw,high_D_roll,high_D_pitch,D_roll,D_pitch,shake_combined,shake_peak,shake_peak_t,shake_time_gt8,motor_activity_roll,motor_activity_pitch,rpm_min_p05,trigger,pre_th_min,pre_speed,pre_sp_max,pre_acc_max,pre_rpm_min,pre_low_rpm_p05,pre_low_rpm_median,pre_low_duration,eligible
LOG00002,Idle 35,24.763819,25.763819,38.991518737672585,6.151617149288799,12.230687575988734,24.384013806706115,76.0,3.2822996368037027,8.542642998027613,16327.511270780502,9085.714285714286,0.0,0.0,6.3931403871749435,6.478006258480264,1.5916896208099134,6.280322368747319,6.453467693159885,1.695919441747077,0.653233071214431,1.3369742673555707,0.6564874717173566,0.5648836273382867,0.5623762504430121,0.3498049715656241,3.157400108449503,3.1976880424436653,5.133024331565084,2.9434860784912207,3.329632617459553,14.4867483484746,15.68158884797214,6.435713212031625,13.060572201573484,25.088755,0.2968441814595661,2.9434860784912207,3.329632617459553,9803.57142857143,24.713819,0.0,31.417788266422715,943.0,1.935522547009856,2942.8571428571427,3428.5714285714284,3528.5714285714284,1.09951799999439,True
LOG00002,Idle 35,42.005249,43.005249,36.29082840236686,7.108147719907739,12.559748972319998,24.20856015779093,90.0,3.4121335863412803,7.506972386587771,15362.450690335305,8471.42857142857,0.0,0.0,6.442145722078088,6.316321686125073,1.3818779399350125,6.407108153477044,6.385443060430527,1.3851316044039643,0.5071819543768169,0.5520387973534138,0.12941211112913342,0.6348153793448187,0.5908947150188204,0.33501974499755127,3.204385238889163,3.1044296824185396,6.659941586235026,3.3475027110038194,3.4808378380457445,14.416220592567596,16.32183711669447,6.379543915794562,14.44847005434485,42.277914,0.19822485207100593,3.3475027110038194,3.4808378380457445,8814.285714285714,41.955249,0.0,38.25361439251211,943.0,7.068109917435276,2914.285714285714,3428.5714285714284,3514.285714285714,1.2870479999934332,True
LOG00002,Idle 35,49.965129,50.965129,33.22455621301775,12.981793446784092,15.876955045574087,23.90962524654832,26.0,6.167927776294796,6.188264299802761,14186.753310791772,8757.142857142857,0.0,0.0,3.6719912942262996,3.8094406924646895,0.8301741399171566,3.6962189407205535,3.568547837535944,0.9972692976804258,0.7157495712885297,0.6507420233585693,0.7968623871684757,0.4240749865832508,0.5388509270860888,0.31403051949790495,3.014216275600455,4.697414089541774,4.829257364154712,1.749112963138249,2.52947730613037,5.7342529421655035,8.55657584189301,3.741347247602098,10.518968072323302,49.978274,0.08678500986193294,1.749112963138249,2.52947730613037,9142.857142857143,49.915129,0.0,40.433488650044275,943.0,5.354592438725867,3400.0,3457.1428571428573,3528.5714285714284,0.9425849999951907,True
LOG00002,Idle 35,80.832813,81.832813,33.78047337278106,13.833463321533978,12.612663719480988,23.76663708086785,89.0,6.2399285804194875,6.333027613412227,14319.470273316429,9985.714285714286,0.8875739644970414,0.0,5.215286522573776,8.75630013740268,1.7620436994388955,5.248434803659524,8.609044496609146,1.8264522966972467,0.6020390731959369,0.6744688898435222,0.09678186034091632,0.47756445354329474,0.5517291429188059,0.38920551004064624,4.769053924269603,5.797079057389529,4.807232186173844,2.04683283842181,2.6152160272851552,11.341567956331557,17.078713234883033,7.206663777671952,23.15741765171723,80.860751,0.1291913214990138,2.04683283842181,2.6152160272851552,10271.42857142857,80.782813,0.0,28.474236585848168,881.0,1.0345906565838847,2942.8571428571427,3442.8571428571427,3514.285714285714,1.486421999992416,True
LOG00002,Idle 35,87.573019,88.573019,33.368737672583826,13.448864326067364,11.878681052513603,23.63358974358974,93.0,6.424469491007837,6.1956410256410255,13960.097914905607,8500.0,1.0848126232741617,0.0,3.6780590249572893,10.348285942903125,0.8579429388724266,3.7146282980151923,10.275391512662814,0.8553222992428113,0.6201347707967771,1.5386754561263227,0.2628523760991211,0.47362717518768477,0.5279093635373495,0.3276974870348637,3.4730020824114805,5.820473389583564,4.67671713409595,2.033854848202209,2.6881249260142366,9.031994413025458,20.233669481105284,7.765794877124824,27.171454392487664,87.598985,0.12130177514792899,2.033854848202209,2.6881249260142366,8914.285714285714,87.523019,0.0,33.10641594801737,943.0,7.734369250979358,3242.8571428571427,3428.5714285714284,3528.5714285714284,1.3294889999932167,True
LOG00002,Idle 35,94.511579,95.511579,40.990138067061146,10.572522225735877,36.26511348883625,23.16310650887574,52.0,6.046937473969957,8.912011834319525,16356.100309946461,7628.571428571428,0.591715976331361,0.0,6.415185639850564,8.39278775977256,1.6336661240170127,6.746445611892171,8.4120336767363,1.7920801196115121,1.4181535282396338,1.0890870669450197,1.1195446432681924,0.7265524359704778,0.7305333748785857,0.4047909965624506,2.8865242861925524,4.552750484251486,5.074897303268286,3.5928010449214605,3.9573913872458815,13.843090829294113,19.776138671376344,7.469721988612866,21.044521779492097,94.685527,0.19723865877712032,3.5928010449214605,3.9573913872458815,10856.42857142857,94.461579,0.0,84.01435802053273,205.0,6.423814429653898,3314.285714285714,3414.285714285714,3500.0,0.5418629999972353,True
LOG00002,Idle 35,97.559071,98.559071,36.425345167652864,10.644362094906699,38.57943011800492,23.31485207100592,143.0,6.456562355218381,7.583786982248521,14768.424204001129,6842.857142857143,0.0,0.0,4.82658683128009,3.9795654935083915,1.4543268373552634,4.870608048170448,4.5654505036553665,2.2066316276203666,0.7622716826543418,2.373633385368937,1.7480748501937995,0.8838622706728029,0.8956393764891799,0.5537367112809258,4.055101251036783,5.484833406773951,7.0179321288578285,4.635447933002048,5.097655850908582,15.251507507860573,14.766292442753901,4.423396995353745,10.061541939521014,97.641272,0.13313609467455623,4.635447933002048,5.097655850908582,7757.142857142857,97.509071,0.0,84.17912394695871,943.0,5.530902075735708,3300.0,3414.285714285714,3514.285714285714,1.1232059999942692,True
LOG00002,Idle 35,102.270862,103.270862,37.60936883629191,14.987166798136428,10.012590098390909,23.22183431952663,90.0,6.851465117959736,7.731420118343194,15167.83953226261,10085.714285714286,1.3806706114398422,0.0,5.514047687355794,6.732355502689702,1.455251479874101,5.624610273986275,7.139712990161802,1.9013518953583999,0.9865517837895525,1.9164945846569823,1.3512842709759985,0.6879464009344625,0.6728442376044278,0.4044203055462975,5.220142888078719,5.540872023544059,4.6824047277557375,3.157136357907305,3.334616363784727,11.336436516798756,15.370474270169442,6.153427196003465,15.682166226729143,102.339249,0.15581854043392504,3.157136357907305,3.334616363784727,10400.0,102.220862,0.0,30.489617168794965,113.0,1.3363269439040837,3400.0,3457.1428571428573,3542.8571428571427,0.9751559999950246,True
LOG00002,Idle 35,107.939667,108.939667,49.923964497041425,28.041560935633136,10.351633258387773,22.785443786982245,943.0,7.2970007940717725,12.60594674556213,18779.751338405185,4014.285714285714,15.877712031558186,9.171597633136095,19.737598266426506,7.236886131525914,3.165944712793304,23.87785202294631,7.922831770721884,3.3021036519678093,31.172796475983862,2.2274592942514064,1.3194801885696463,0.6308443966416881,0.8106268445669488,0.46900109370680954,2.4199181879928333,4.006632085298264,5.714826363330698,2.533424258401725,3.3022621167223227,83.50002657406657,16.128398759589356,14.86514894320798,61.053260661621884,108.939384,0.3234714003944773,2.533424258401725,3.3022621167223227,7397.857142857144,107.889667,0.0,32.98734386310061,943.0,6.393784504458938,3228.5714285714284,3428.5714285714284,3514.285714285714,1.4114099999927987,False
LOG00002,Idle 35,110.397235,111.397235,34.73264299802761,16.16822649046297,30.541124263980656,23.193106508875736,76.0,6.818999733272155,6.522011834319526,14114.387855734007,8885.714285714286,0.0,0.0,4.281612751647488,3.797457011917933,0.8355475344253434,4.615009004278872,3.8591275740930713,0.8995461828946856,1.8507343854870055,0.940560444588176,0.5024998946854993,0.5546417601359018,0.5654950190492484,0.3097333074749611,4.187140158405781,5.013411101152813,4.133208619664977,2.1638577516341435,2.5458166454057145,7.889398174150919,8.30217052962408,4.046781901241717,10.22054695522885,110.458719,0.1252465483234714,2.1638577516341435,2.5458166454057145,9114.285714285714,110.347235,0.0,18.401193875253178,943.0,2.6316328717027364,3142.8571428571427,3428.5714285714284,3571.4285714285716,1.0097009999948483,True
LOG00002,Idle 35,176.46537800000002,177.46537800000002,33.30936883629191,8.005614462066097,60.07025478229965,22.697692307692307,79.0,3.483288856538768,6.543648915187376,13427.00760777684,8871.42857142857,0.0,0.0,2.9756878345238236,2.4155539912603623,0.8302824619309365,4.088027154233382,2.907176388905039,0.8392353261776997,2.0244011338196852,1.6354305230922008,0.169395380998143,0.5784163827183894,0.6744480364922083,0.3909628381685763,4.371707755282736,4.997076220178215,3.96311543784203,2.97602382028677,4.032820142566273,10.933184200647403,8.476501920758544,2.710130916877167,7.015588263697118,176.465692,0.0,2.97602382028677,4.032820142566273,9266.42857142857,176.415378,0.0,72.581033561915,943.0,5.2656158084958955,2971.4285714285716,3428.5714285714284,3514.285714285714,1.3521899999931009,True
LOG00002,Idle 35,183.731347,184.731347,36.9300788954635,13.506771352931214,15.911744428137657,22.48834319526627,42.0,4.801139675383428,7.862455621301774,14550.714990138067,8185.714285714285,0.0,0.0,2.9533118834633747,3.7751076793427525,1.4814768605971005,3.1907694076816284,4.39895249999285,1.501588304020701,0.6921585462150153,1.53952374688478,0.2268491859493252,0.4316581666791539,0.5409018767850483,0.3152419580570655,3.911894626686283,4.452458935142626,4.377920040807047,1.8587716367095835,2.8639524578566924,7.554861804403122,9.834177411705136,3.389210016481611,8.146554317784274,183.751392,0.02564102564102564,1.8587716367095835,2.8639524578566924,8628.57142857143,183.681347,0.0,41.25626256092105,943.0,5.6568970073086,3242.8571428571427,3428.5714285714284,3514.285714285714,1.3541639999930908,True
LOG00002,Idle 35,206.378124,207.378124,30.844082840236684,6.46484191326839,7.567273798377124,22.557642998027614,84.0,2.7180040147231024,5.433796844181459,12583.6291913215,7257.142857142857,0.0,0.0,2.9720487982794355,2.9747808205389807,0.8450744721744232,3.0883664156246984,3.0847506880230804,0.8450721314013315,0.5053143542921218,0.9070293205238282,0.010668320837527745,0.4690163831142847,0.544512636487601,0.3458418840450592,4.684368449238439,5.25930530217483,4.275670228478743,2.268471577524171,3.108626467283518,6.947606117881954,8.539270000995483,2.973415123187547,6.272447913455027,206.45638,0.0,2.268471577524171,3.108626467283518,7871.428571428572,206.328124,0.0,31.63525404215843,943.0,6.6761727527976955,3271.4285714285716,3428.5714285714284,3514.285714285714,0.9179099999953166,False
LOG00002,Idle 35,209.125762,210.125762,33.67357001972387,8.330578144725212,11.155791579175276,22.404861932938854,62.0,3.357351252427229,5.97370808678501,13733.572837418991,7042.857142857143,0.0,0.0,4.0421558211405735,3.7383442635458795,0.8335047772555393,3.893029281587467,3.9674967829881904,0.8645209650825209,0.5638059797020971,1.0404578112727136,0.21418813305133624,0.38145429936053143,0.4996653338425818,0.3073195073989127,3.4386821925903788,4.441030224839478,4.632968790499633,1.6394065081439495,2.5263645282770297,8.048791056757851,9.209858794455357,3.893214707357339,10.917003224179986,209.126078,0.10650887573964497,1.6394065081439495,2.5263645282770297,7514.285714285715,209.075762,0.0,23.468386437258864,943.0,7.124145858162509,3057.1428571428573,3428.5714285714284,3528.5714285714284,1.2890219999934232,True
LOG00002,Idle 35,239.97938100000002,240.97938100000002,43.98836291913215,17.969708861594263,13.143910346052573,22.062988165680473,111.0,5.565276021152938,10.446873767258383,16242.843054381518,7685.714285714285,0.591715976331361,0.0,4.31598848252752,10.03047834720913,1.5267920400152282,4.334863769167344,10.086446528790177,1.3395866669641743,1.2490506934513776,1.0135357326814458,0.5883655160777181,0.5535693835933333,0.6753354307211211,0.44251931047968196,3.3259062188993687,5.753731503323129,5.927649507003571,2.499014382419202,3.369536993367721,10.517947467776745,19.83295625584229,7.72134225556481,25.770221257247414,240.028039,0.15680473372781065,2.499014382419202,3.369536993367721,8361.42857142857,239.929381,0.0,31.75389440858542,943.0,2.85557649881407,3128.5714285714284,3428.5714285714284,3514.285714285714,1.4193059999927584,True
LOG00002,Idle 35,242.78226500000002,243.78226500000002,40.302564102564105,18.45917702133718,42.98539846419221,22.02571992110454,594.0,6.000587235959585,9.347130177514792,15010.583967314735,4228.571428571428,0.0,1.3806706114398422,5.128358694656655,7.982469927266423,1.4825139139172292,5.782594354629275,13.632829489815078,1.4823447945403538,2.0632829356661686,12.192562594458428,1.0631461705086274,0.7071932820272878,0.829335407388033,0.5324563897296972,3.6061606439808607,6.03486865652984,5.647027220341446,3.518772678048166,4.3225609976984485,14.84900995510956,48.39657835884869,6.708945112339696,19.058553273114843,242.782626,0.4921104536489152,3.518772678048166,4.3225609976984485,4942.857142857143,242.732265,0.0,41.483970938402905,943.0,5.382555774164101,3228.5714285714284,3428.5714285714284,3514.285714285714,1.070894999994536,False
LOG00002,Idle 35,248.63174700000002,249.63174700000002,23.583234714003947,5.081048730655118,32.13598365412852,22.314783037475344,34.0,2.2708702142736104,3.5161932938856015,10110.016906170751,3428.5714285714284,0.0,0.0,6.461636881584988,3.1279658957104384,1.6298721450226654,6.651606485299215,3.253922761211958,1.771732863515529,1.3664042294403456,0.7130208523585994,0.7616824613542974,0.46588807654370523,0.6249431262367388,0.39734175696245383,3.602620375725644,4.77944415611888,3.1314757760697383,2.191908532388537,3.5839671301157594,12.809174473413004,9.15260711286815,5.07626446484947,9.055116313254462,249.107602,0.11932938856015779,2.191908532388537,3.5839671301157594,4542.857142857143,248.581747,0.0,64.84754189487245,871.0,2.941172596844759,3000.0,3428.5714285714284,3514.285714285714,0.9939089999949289,True
LOG00002,Idle 35,250.67597800000001,251.67597800000001,35.96163708086785,7.821726535648458,6.844980966677849,22.295818540433924,55.0,2.7783928243228635,6.569842209072978,14200.781910397294,8085.714285714285,0.0,0.0,6.066870741508414,5.32939552259095,1.7388860101355892,5.9597208938982655,5.16079247474553,1.7388825566420367,0.8577936101530799,1.912264364018089,0.001094550442359994,0.4366130842148369,0.5092519068655582,0.354790946773201,3.2322285486119227,4.955260944722539,5.2943698031158695,2.1130289312492527,2.827911088638038,13.501661816045898,13.4829865764858,5.710051542253506,10.42701278175954,251.003851,0.27120315581854043,2.1130289312492527,2.827911088638038,9585.714285714286,250.625978,0.0,19.60656388769434,35.0,1.4302998883235396,3228.5714285714284,3400.0,3514.285714285714,0.440201999997754,False
LOG00002,Idle 35,315.204759,316.204759,40.7171597633136,8.404915523121398,17.03909132152965,21.875039447731755,92.0,4.781292634661704,8.498155818540434,15590.539588616512,11371.42857142857,0.0,0.0,7.837592872916444,7.039334206645976,1.1780144293242718,8.04281345929775,7.041486952487968,1.1970623012298056,0.7963320667575822,1.2377561970055113,0.07921434619478232,0.5467499606447697,0.6210981986468206,0.4111618252531488,3.323039882687917,4.594868509881089,5.047791084315087,2.6267672984402104,3.4417124571067554,15.373329193544794,14.93919298956564,7.4491639837785435,17.90345416652616,315.284,0.26232741617357,2.6267672984402104,3.4417124571067554,11714.285714285714,315.154759,0.0,46.89208876769272,943.0,2.9503777860132074,3171.4285714285716,3442.8571428571427,3514.285714285714,1.4814869999924412,True
LOG00002,Idle 35,318.463393,319.463393,36.61775147928994,5.463260876230266,12.383586038756164,21.93587771203156,47.0,2.570871263427215,6.752445759368836,14211.277824739363,6514.285714285715,0.0,0.0,6.255733569258566,6.13835128063774,1.4097285745582628,6.0714131136191005,6.152591189661277,1.414314174747992,0.9501132266707023,1.2960841474539917,0.09271857003934794,0.515050686102811,0.5587805293652112,0.34514164531467467,3.650245115210496,3.91353960760615,5.5622915808455,2.7190577216264638,3.1407194546495694,14.86955111278945,16.140531753507876,6.197320345683906,13.540047841587532,318.745868,0.23964497041420119,2.7190577216264638,3.1407194546495694,8057.142857142857,318.413393,0.0,37.480924141074844,943.0,4.1105498748452245,3157.1428571428573,3442.8571428571427,3514.285714285714,1.3995659999928591,True
LOG00002,Idle 35,322.350503,323.350503,52.31173570019723,24.473462469211846,20.948833248342996,21.52024654832347,97.0,5.865886396661325,13.336341222879684,18331.864609749227,7185.714285714285,0.0,0.0,3.90838850273773,3.749354583212344,0.8454869025991526,4.2442397929654945,4.701036630563508,0.844842823954584,1.2034262729216698,2.5694989633109393,0.10649896109599574,0.5461035791019555,0.6495739641481536,0.3936544345359998,3.072926617479525,6.02814071152908,5.186678930263346,2.4171016242746446,2.93386924427991,8.438371548967377,11.33995919552681,3.8296971472289987,8.748134521788193,322.394229,0.08777120315581854,2.4171016242746446,2.93386924427991,7357.142857142857,322.300503,0.0,41.26606641832718,943.0,5.658387765449361,3271.4285714285716,3442.8571428571427,3514.285714285714,1.487408999992411,True
LOG00002,Idle 35,324.215151,325.215151,29.315779092702165,3.392968645203502,44.83260858370309,22.111548323471396,92.0,2.3786652040427176,4.715128205128205,11800.095097210482,6528.571428571428,0.0,0.0,1.5070071714512576,1.5567215280235565,0.7872925783038536,1.538169156199912,1.6734382385611088,0.7443244587394552,0.5695092022564514,0.7781322454233571,0.38673738987626904,0.39762473070185705,0.5169953230842304,0.33454650975443717,4.776308600012768,5.778597883365787,4.431019490584471,1.749762100471815,2.985625914800742,5.05033832131703,5.769572639443462,1.5320660120597804,2.262694112192422,324.722566,0.0,1.749762100471815,2.985625914800742,8214.285714285714,324.165151,0.0,40.70201736668947,104.0,5.865886396661325,3314.285714285714,3428.5714285714284,3500.0,0.5833169999970238,True
LOG00002,Idle 35,328.485062,329.485062,48.80641025641026,9.106105215870194,39.483356332518554,21.652810650887574,85.0,6.051220754148103,11.450976331360947,17685.74246266554,8942.857142857143,0.7889546351084813,0.0,12.99737385739581,10.012056407995225,2.1546219356556224,13.07547284519012,10.227823978390417,2.0813571286239743,1.517136807332597,1.2421114073920119,1.20175142639372,1.0270358154552648,0.9703202670946305,0.5603584600899539,3.0763006483932274,3.953059518879593,7.271353297464104,5.250711900214502,5.421146905550958,27.613991822601424,25.97220103927385,11.60114220035671,29.45828638784104,328.613631,0.4368836291913215,5.250711900214502,5.421146905550958,11400.0,328.435062,0.0,94.90471380581867,177.0,3.252218552946364,3314.285714285714,3428.5714285714284,3500.0,1.239671999993675,True
LOG00004,Idle 35,7.472211,8.472211,31.969230769230773,7.056381838791913,48.59215413021232,24.510088757396446,177.0,2.8963222959910104,6.388333333333334,13920.653705269091,6042.857142857143,0.0,0.0,2.919374183531744,2.369627100283914,1.5862439333589962,3.1886235256393154,2.444701115389555,2.114804932424982,1.4895915384858605,0.7428491077003302,2.0691790179927825,0.5830235390621865,0.8338148924490408,0.43674163008141176,3.5838627930814946,5.760107595331446,4.861148190760652,3.05408767340513,5.037671527401511,10.229949841874024,9.236269728683014,2.658747658002879,4.627142293700362,8.407015,0.0,3.05408767340513,5.037671527401511,6785.714285714285,7.422211,0.0,49.257337094621,110.0,2.0275286698577992,3328.5714285714284,3428.5714285714284,3514.285714285714,0.9751559999950246,True
LOG00004,Idle 35,11.355161,12.355161,21.127613412228797,28.11364067032401,57.03948677373602,24.102642998027616,943.0,6.147682405319935,7.2785996055226825,11759.791490560721,3100.0,0.0,13.116370808678502,2.4964683326295063,16.99666915335794,0.9095905203929222,2.5257260182490047,15.438941711178147,0.9095962976923512,0.7071042701809362,16.65671952114377,9.69466154137466e-05,0.5264767722103091,0.832758199628753,0.5746298015773215,3.2091760786495036,4.5370798826052035,4.143263116536846,2.109492272098438,4.123883293545041,6.146710606662013,83.61761372727511,12.147409527231122,30.59469053003906,11.870573,0.7613412228796844,2.109492272098438,4.123883293545041,3442.8571428571427,11.305161,0.0,45.03606529122094,943.0,6.271756584748841,3214.285714285714,3357.1428571428573,3714.285714285714,0.3434759999982475,False
LOG00004,Idle 35,12.900419000000001,13.900419000000001,22.71715976331361,4.299658421839507,45.1494988045124,24.551311637080868,311.0,2.121724015764601,3.685364891518738,10589.19413919414,3400.0,0.0,0.0,3.6702361320459653,2.5864774684731993,2.2983454041826445,3.6851767566858356,2.5121869588889183,2.7301370293464093,1.3261475989790585,0.3460619512397561,2.970415919139949,0.41031456586868265,0.6384100490754401,0.4131987083725878,4.082929947391281,6.695157097413836,4.825166260402003,1.8884337815298589,3.5200467372562754,12.15863261802245,7.5131049215441,3.17494086243313,5.657666255343443,13.706903,0.0,1.8884337815298589,3.5200467372562754,4271.428571428572,12.850419,0.0,55.31793292765539,943.0,6.147682405319935,3100.0,3400.0,3614.285714285714,0.4629029999976382,False
LOG00004,Idle 35,14.714022,15.714022,35.638362919132156,10.101803190258643,20.404255873845532,24.33044378698225,56.0,2.974164422282787,7.840138067061144,14975.010566356721,9214.285714285714,0.0,0.0,1.3807744956432666,1.4893038374067,0.6051038068998537,1.3703006927042485,1.5570231629812694,0.6051038068840728,0.2829425728437858,0.4127464390432363,1.8753376219409326e-10,0.38538554880630876,0.5106932810985363,0.30186857436482745,3.8108191953477495,4.2328387668140515,3.5593830606370216,1.6630018977392873,2.974861401145272,3.960853811886037,6.064902099403185,1.4360647840423562,2.1661555536914543,14.74987,0.0,1.6630018977392873,2.974861401145272,9518.57142857143,14.664022,7.7,30.994738730295154,169.0,2.121724015764601,3385.714285714286,3444.285714285714,3542.8571428571427,0.4569809999976684,True
LOG00004,Idle 35,19.006159,20.006159,30.870808678500985,17.28833721003992,32.26192145574806,24.26661735700197,94.0,4.051693819965329,7.440246548323471,13531.10383206537,3271.4285714285716,0.0,3.2544378698224854,2.6106891348070174,2.1175626291496643,1.5933821531480954,3.143904700789825,2.6197947739118916,1.9488291596004466,2.382975861961287,2.1023353012520247,2.110977826731792,0.5136588332388332,0.762660394923012,0.4368512319380785,2.800280098996271,4.041242328227865,4.437590907085743,2.5633722864048485,4.48032215988252,9.734543709023022,10.367935321954738,2.376948595044773,4.084851277336922,19.50277,0.0,2.5633722864048485,4.48032215988252,3485.714285714286,18.956159,0.0,61.17079481511263,211.0,6.4095740277632105,3171.4285714285716,3342.8571428571427,3485.714285714286,0.2970869999984842,True
LOG00004,Idle 35,22.004648,23.004648,25.950394477317555,5.045412590394047,56.87685561731608,24.3305325443787,146.0,1.6826472974353621,3.9577909270216964,11743.417159763314,6300.0,0.0,0.0,1.263207623060555,1.1239813326735508,1.3655767949856081,1.594962860333355,1.111307254578205,1.93203964689408,1.3669525461553542,0.5529683014494735,1.9901927272849413,0.38692754973830995,0.5017451232348147,0.29244038101868336,4.460322818665928,5.7269570201983795,3.757166923120084,1.8012316872772585,2.9075974843500334,5.997287355238347,4.240780695496742,1.1956227530364476,2.624589411869592,22.004968,0.0,1.8012316872772585,2.9075974843500334,6528.571428571428,21.954648,0.0,58.91300206733608,943.0,5.798853307857547,3142.8571428571427,3362.1428571428573,3542.8571428571427,0.40269599999794536,True
LOG00004,Idle 35,34.075325,35.075325,27.39378698224852,12.770656811705308,33.99160442687808,24.188678500986192,25.0,1.897350612383878,5.001528599605523,12317.821921668075,3685.714285714286,0.0,0.0,0.9112120350190409,0.8677692726477859,0.7012765535180916,0.9943136688280895,0.7954062323709931,1.1442813082482348,0.47481873228303084,0.3578866327924374,1.1472584802033758,0.3792558506298923,0.5412664068822148,0.2915053493327193,2.6522999047506377,3.4640719731121674,5.626030207990336,1.677792846340771,3.069235951536813,3.6080121229411,4.194130396522916,0.889755832606679,1.9237830303853354,34.076632,0.0,1.677792846340771,3.069235951536813,3857.1428571428573,34.025325,0.5,22.338527421676243,74.0,1.0345218657906416,3271.4285714285716,3409.285714285714,3700.0,0.4875779999975123,True
LOG00004,Idle 35,38.606984,39.606984,37.779191321499006,8.6234538068605,50.32131678916183,24.17069033530572,35.0,4.344336600454306,8.310453648915189,15682.026627218935,9171.42857142857,0.0,0.0,1.2650222578893997,1.2433789711134269,0.877458535060272,1.2647090276730826,1.2613179927864568,1.0209802911120454,0.308246316487865,0.4173424667539255,0.6726478410825294,0.4981132033855272,0.5616382253650771,0.35186077603625676,4.255351135497749,4.105989000204135,5.310497475961689,2.411616903750821,3.22925598892164,4.473017946124416,5.5971780717486475,1.254247299929858,2.2879666279980593,38.884545,0.0,2.411616903750821,3.22925598892164,10557.142857142857,38.556984,1.6,23.036401327538044,78.0,0.9637432540479338,3328.5714285714284,3485.714285714286,3614.285714285714,1.4163449999927735,True
LOG00004,Idle 35,46.765107,47.765107,17.21528599605523,16.37188301083822,56.212943399892424,24.24060157790927,98.0,2.4042362853162134,4.200443786982249,10835.830515638208,3371.4285714285716,0.0,0.9861932938856016,1.604019673874367,1.4301328005372695,0.9321932147717903,1.4432667591838246,1.3884508699451767,1.0535978786108129,0.9525370651750468,0.4509508061855697,0.912517496351272,0.39782366241413136,0.5047422055369304,0.33046888204249686,3.1404599944481135,4.7957681389726545,4.424866419401793,1.6727586467061666,2.8050175934804003,5.05297381535846,5.1738036854848755,1.5195655532665588,2.442963200261659,47.367234,0.0,1.6727586467061666,2.8050175934804003,3457.1428571428573,46.715107,0.0,44.68127488038657,26.0,0.6660702143248612,3385.714285714286,3457.1428571428573,3500.0,1.2159839999937958,True
LOG00004,Idle 35,49.111171999999996,50.111171999999996,32.83777120315582,20.478043356891906,32.43782638043238,23.74971400394477,51.0,4.630364683219819,8.556114398422089,14041.335587489433,3257.1428571428573,0.0,2.7613412228796843,3.074155424273417,2.5559875667203036,1.6445215512166478,3.6341240385658438,2.5995060911123398,1.985658529810962,1.8883389210765609,0.7678353385130688,1.7228600814416382,0.42130359189476685,0.5000423519395435,0.3588351486611596,2.987662327786272,4.849191649580236,5.0006536161168516,1.8883331340674405,2.5882248338610476,9.337154050317947,7.252354579224653,2.8269686957780813,5.4298496290023195,49.159828,0.0,1.8883331340674405,2.5882248338610476,3428.5714285714284,49.061172,0.0,47.68454068835219,127.0,4.474325849591097,3428.5714285714284,3457.1428571428573,3500.0,0.3799949999980612,True
LOG00004,Idle 35,54.521525999999994,55.521525999999994,30.784122287968447,3.0076454794761474,42.000110564613244,23.997633136094674,21.0,1.752757556507785,5.340246548323472,13389.71189067343,8842.857142857143,0.0,0.0,0.998454040223363,0.8890298164986653,0.581108858077124,1.0578129851803906,0.830824424956973,0.5872955387494417,0.4930486205908421,0.35729315089587654,0.045768760405287524,0.3182514639780127,0.4228416289961577,0.252453066857778,3.606342530630891,4.757775642258761,4.965707248396037,1.3735659650570848,2.329881954055525,3.0356202229638445,3.7964740207379357,0.9453265269371236,1.44420247399582,55.01809,0.0,1.3735659650570848,2.329881954055525,9252.142857142857,54.471526,0.0,23.799319200268943,51.0,4.0669654073320345,3300.0,3385.714285714286,3500.0,0.302021999998459,True
LOG00004,Idle 35,57.529588,58.529588,29.111439842209073,13.17402588001886,24.44996464932484,23.712268244575935,73.0,3.166634162100226,5.6366765285996046,12555.374753451677,3300.0,0.0,0.0,1.4828472662156473,1.6723051842188956,0.8379420960240983,1.4697431394208917,1.5610901592163655,0.8168909491937674,0.47213848794809743,0.7495408715356275,0.4297585458651773,0.43846793503024023,0.5283137659885447,0.3437474254392198,3.287502899750149,4.676025445832707,3.527330299514513,1.9227510285901774,2.9065878500630977,3.6170209063103838,6.853424546012712,1.5804177682006446,3.090510982145325,58.500691,0.0,1.9227510285901774,2.9065878500630977,4023.5714285714284,57.479588,0.0,47.096312890896066,183.0,5.390099784585617,3214.285714285714,3385.714285714286,3500.0,0.33163199999830795,True
LOG00004,Idle 35,75.69536599999999,76.69536599999999,32.934418145956606,2.5780152310000726,54.48963689528545,23.662623274161735,32.0,1.9902328176745012,5.930867850098619,13980.888982812061,11400.0,0.0,0.0,1.4487355241451159,1.2418845540852854,0.7439263282676037,1.5358218018440142,1.238616134794902,0.7437388847815989,0.7026867407219575,0.5292970157209784,0.0007297059715432366,0.33535702883340074,0.5172239755428918,0.2767305200891605,4.506464990869819,4.185091925115596,5.000726458308847,1.3614366279257535,3.0429572072095565,4.245080689359344,5.5713942532412215,1.3492797828092646,1.987302808352915,76.566832,0.0,1.3614366279257535,3.0429572072095565,11557.142857142857,75.645366,0.0,45.74521598661367,943.0,1.2795780717316525,3085.714285714286,3442.8571428571427,3542.8571428571427,1.457798999992562,True
LOG00004,Idle 35,80.79001099999999,81.79001099999999,15.028599605522684,10.934512369593296,9.583516943453132,23.592790927021692,37.0,1.7853536350633414,2.503639053254438,7953.712313327697,3142.8571428571427,0.0,1.8737672583826428,2.1792834608404403,2.3682596529444035,0.8701156004175735,2.193677827899931,2.215786325275564,0.9968913525308266,0.5570061602110618,0.482807210116181,0.5553407173905249,0.4122820217166764,0.5028246600701585,0.3678767312756879,4.8974154688353,4.785319453942379,4.207645308507903,1.7649563321863049,2.7425079875108684,6.474727077629067,6.754573291854163,2.2757339680262527,4.646620386593626,80.872211,0.0,1.7649563321863049,2.7425079875108684,3457.1428571428573,80.740011,0.0,41.0234567540099,272.0,1.2308193131261513,3171.4285714285716,3371.4285714285716,3514.285714285714,0.5300189999972957,False
LOG00004,Idle 35,97.528943,98.528943,35.75059171597633,4.960261676800699,60.87817626160502,23.119852071005916,53.0,2.646328967271688,6.809309664694281,14708.879261763877,9257.142857142857,0.0,0.0,1.1916036091650517,1.251676194299032,0.6995669545737807,1.3826228801584393,1.327714779310234,0.7030321065972691,0.64768099777616,0.4902169347234817,0.056777318962584276,0.3604304929026818,0.4586687994347588,0.24848639261634814,3.3996157813466104,3.9637194431647043,5.561196181025521,1.4983666227501404,2.443997914250683,4.494243523894873,5.206675278488309,1.2220090950459581,1.7550274505713102,97.943613,0.0,1.4983666227501404,2.443997914250683,11371.42857142857,97.478943,0.0,46.95304221955534,73.0,5.7970518717554915,3271.4285714285716,3419.285714285714,3500.0,0.6987959999964346,True
LOG00004,Idle 35,101.297592,102.297592,41.66449704142012,29.117503257494256,52.640933115608085,22.81360946745562,102.0,6.57158190499476,10.71691321499014,16177.807128768667,3285.714285714286,10.256410256410255,3.155818540433925,3.9813357425401494,6.052685581405113,2.464720627689348,4.712038639017897,7.189928241997347,3.042879615829984,2.177344601876617,2.48061199979866,2.4805281728434005,0.6091229087812493,0.8320823350408381,0.46155217647823027,3.233672547693034,4.950004527712433,4.595392166579936,2.5781078319743216,3.918678647624237,11.86337409721257,11.176193351511719,5.122794015094551,13.111473363840393,101.853339,0.16272189349112426,2.5781078319743216,3.918678647624237,3442.8571428571427,101.247592,6.3,37.94879945587011,313.0,4.223852307564308,3257.1428571428573,3300.0,3642.8571428571427,0.14706299999924966,True
LOG00004,Idle 35,103.04084999999999,104.04084999999999,30.540039447731754,24.13175035397086,68.64796033941191,22.85019723865878,272.0,5.344784954302011,7.538254437869823,13440.511411665258,3328.5714285714284,0.0,2.0710059171597637,2.2092613582596377,3.8866980529261936,2.0239026015825576,2.2569030643128647,3.846650154955881,1.8723583206230658,1.054277755376206,0.7083697326253471,2.6753047741124085,0.5537738540639946,0.8934459530378889,0.49966673992225674,2.7851635616453336,5.366573743515924,4.671043355541851,2.2516664424776502,4.238863603664183,7.888710631279558,8.921971637999654,3.1612701168770347,6.769887416075376,103.523598,0.0,2.2516664424776502,4.238863603664183,3428.5714285714284,102.99085,0.0,61.29052571135699,102.0,6.57158190499476,3285.714285714286,3420.714285714286,3514.285714285714,0.6810299999965252,False
LOG00004,Idle 35,107.36201,108.36201,10.725542406311636,13.853741099691257,31.59629840855451,23.319358974358977,74.0,2.206294275979625,2.322199211045365,7182.470414201183,3285.714285714286,0.0,0.0,1.736696902850133,1.0832185739694833,0.8097522582572071,1.643997080186585,1.0750104011231327,0.8522078939273321,1.0640287481454482,0.33065809988101036,0.6365744583874682,0.483015513167777,0.5713445390158729,0.34854415647935766,2.9989750549802623,3.8401667064237803,4.30500289888118,2.147758693421139,3.093331857329541,6.43661248453984,4.394612983433437,1.4473214244530692,2.830989632166392,107.929606,0.0,2.147758693421139,3.093331857329541,3428.5714285714284,107.31201,6.8,20.19091718157854,34.0,0.9425210643812519,3357.1428571428573,3493.5714285714284,3728.5714285714284,0.604043999996918,True
LOG00004,Idle 35,113.241979,114.241979,34.86518737672584,0.8988383443251713,38.274843708945795,23.145315581854042,33.0,1.736970969146952,6.645009861932938,14381.325725556495,10714.285714285714,0.0,0.0,1.0580608431620062,1.1508495989473486,0.632405141321734,1.2040197381310194,1.192590180442731,0.6324047647339269,0.7103109446798671,0.5426549940611203,5.2658553447415075e-06,0.329158324749796,0.37755525749014396,0.2458306896632338,2.8763459002809633,3.1413325399203837,6.384545589046423,1.3583034743019784,2.0528085506329337,3.892414106176846,4.686629603608559,1.1054292259638268,2.171350380302833,113.245252,0.0,1.3583034743019784,2.0528085506329337,12413.57142857143,113.191979,4.7,26.73868243230211,80.0,2.34980201090065,3257.1428571428573,3368.571428571429,3585.714285714286,0.31287899999840363,True
LOG00004,Idle 35,118.311996,119.311996,30.202761341222885,8.097578732536645,12.238332459645246,23.20024654832347,91.0,2.317438625687579,5.667544378698224,12760.20357847281,5157.142857142857,0.0,0.0,5.461611644722487,5.618690288579652,1.000400827820254,5.8734910180300135,5.791383050183432,1.0346763830133627,2.0190180526799213,1.0241159691796702,0.9161883366895915,0.4592377995843504,0.6162913548587032,0.3483717657805599,2.3634620696038375,4.244925270381088,4.925068804907348,2.205470393973247,3.5684916956526207,15.369351402211313,13.502720888783657,5.5407076405792965,13.733800053978648,118.380386,0.15877712031558186,2.205470393973247,3.5684916956526207,6342.142857142858,118.261996,0.0,27.82700344873556,183.0,1.0756649755112537,3171.4285714285716,3428.5714285714284,3500.0,0.7037309999964094,True
LOG00006,Idle 35,7.866611,8.866611,35.7045409674235,22.038345813401378,42.33490645794147,22.78326752221125,87.0,5.769129507325442,7.83492596248766,14266.023833027783,3214.285714285714,0.0,1.2833168805528135,2.477990218477467,3.3150376991600443,1.1664743247497404,2.802532645154912,3.0932989818238017,1.9127732434145486,1.3705936634897644,1.5159592364564263,1.2832192623564376,0.5103715753855752,0.7318952999056428,0.4417642410389496,3.563990443177168,6.150783140391846,5.48133176378224,2.322357902305603,3.9052579779398124,7.931406326614954,9.894507734944703,2.926594477350965,6.7311458154867765,8.695906,0.0,2.322357902305603,3.9052579779398124,3471.4285714285716,7.816611,0.0,34.087104875188885,190.0,6.932370566347339,3257.1428571428573,3342.8571428571427,3542.8571428571427,0.16680299999914894,True
LOG00006,Idle 35,10.574522,11.574522,38.716074950690334,9.967330658304462,59.029592890569035,22.66258382642998,276.0,3.615710325561351,8.309783037475345,15181.931530008453,4771.428571428572,0.0,0.0,4.650167838658952,3.755552006554943,2.0135152679349964,4.870521219569809,3.554216538623964,3.05972873995999,2.858745174893548,0.7892967591601011,2.925434769348233,0.6104863042166409,0.7604149678704836,0.4175621080755515,3.291055555220407,4.466337348993207,4.379539437902383,3.1505658680129445,4.649111334304282,18.41647812874836,10.330437973191103,4.22659625476795,7.300347803473814,11.184703,0.0,3.1505658680129445,4.649111334304282,5375.0,10.524522,0.0,73.41626717662317,943.0,6.532376607436833,3228.5714285714284,3371.4285714285716,3614.285714285714,0.6820169999965202,False
LOG00006,Idle 35,13.784546,14.784546,41.70759368836292,8.267175148709947,56.01589595107875,22.799990138067063,61.0,3.463192517266635,9.164792899408283,16175.803043110733,9171.42857142857,0.0,0.0,1.6540202383736584,2.0042215571229174,0.7932413845710432,1.8335762179067603,2.0741280847055745,0.7932413848830564,0.6412903592132333,0.7563909581153927,3.8277509750859036e-09,0.43651723117668373,0.5865534044322898,0.2869335074206968,3.7607436183660736,3.2766262804970516,4.911477084097613,2.012879639893114,3.3355609856535877,4.862102369112744,7.232610240264158,1.8374829249527551,4.237890331115584,13.784872,0.0,2.012879639893114,3.3355609856535877,11514.285714285714,13.734546,0.0,29.489406693053944,943.0,1.0219391782246527,3200.0,3442.8571428571427,3500.0,0.8715209999955533,True
LOG00006,Idle 35,17.75221,18.75221,28.736883629191322,2.5817903807792497,14.846452464409222,22.827445759368835,63.0,1.7957970080791632,4.620670611439841,12046.939278670048,9000.0,0.0,0.0,2.055283099052352,2.1605772577597855,0.6521122447524182,1.9599127257877513,2.0846895936106176,0.624574818127879,0.784912468603991,0.596807052482573,0.2413527750740927,0.37815920178343965,0.4448778503043406,0.3204584136981357,6.58450044616674,6.253918968615128,4.0251612350586266,1.7397859659217119,2.424354267252403,6.354423516327195,6.851265737735837,2.108587525335269,4.135234983925785,17.966648,0.0,1.7397859659217119,2.424354267252403,9366.42857142857,17.70221,0.0,36.35967580829479,339.0,5.981969544151114,3200.0,3428.5714285714284,3528.5714285714284,1.0077269999948584,True
LOG00006,Idle 35,22.268289,23.268289,31.231952662721895,10.414684137985734,44.84009352017251,22.763471400394476,112.0,2.4935546760263274,5.755295857988164,12696.403916596224,5057.142857142857,0.0,0.0,2.567486936837006,1.1765167818571693,1.2428374747302713,3.9262191244736906,1.128085302859661,2.3406753177998993,2.8976504317724863,0.4410742546943514,2.003779018279939,0.3920167969571621,0.5444957556574339,0.3028769008417065,3.244772585348207,4.533057622690871,4.547785742769806,1.6688037096529298,3.1764747734531467,11.988982450451692,4.743208577894528,1.9970203940896825,4.594941204453743,23.112229,0.0,1.6688037096529298,3.1764747734531467,5771.428571428572,22.218289,0.0,28.029792992366044,97.0,3.304120026331819,3185.714285714286,3239.285714285714,3500.0,0.1539719999992144,True
LOG00006,Idle 35,27.509431,28.509431,33.05907297830375,9.381202170842316,57.19606811158804,22.52016765285996,100.0,2.4232988663451898,5.844171597633136,13469.561848408002,5700.0,0.0,0.0,1.879299753100571,1.7193877310367323,0.8242970711006116,2.67823734750063,2.000791530806773,1.410819803294555,1.9349352718202593,1.4458390644426955,1.1242184118178116,0.4125533419070215,0.5596821062486219,0.2748039761328137,3.5234019327652115,3.836376523493429,4.6138854590643215,1.9463665329557926,3.239286653231014,7.177105832174466,7.442415357334258,1.8011193369185041,2.9423584394346207,27.73273,0.0,1.9463665329557926,3.239286653231014,6032.857142857143,27.459431,0.0,43.538666209193195,943.0,6.006870429061375,3157.1428571428573,3385.714285714286,3557.1428571428573,0.6573419999966461,True
LOG00006,Idle 35,30.298664000000002,31.298664000000002,43.92879684418146,7.798743079589788,27.760522412540766,22.610108481262326,68.0,3.3585634537666076,9.975660749506902,16696.78782755706,7785.714285714285,0.0,0.0,5.355097030268598,8.76687269911217,1.8052789019402589,5.831330481905255,8.74648604015056,1.7833984701950447,2.064103164249788,1.2466363838054673,0.7280297552951517,0.633344138683158,0.6738987034549725,0.43858354696261337,3.3694315160330377,3.6504103231186513,4.237207009252477,3.2891876029732052,4.088786320625299,15.69592090126782,22.00860509493621,7.264128341584755,19.279513785461535,30.644343,0.3116370808678501,3.2891876029732052,4.088786320625299,8885.714285714286,30.248664,0.0,66.84543646127007,197.0,3.9654460881654114,3185.714285714286,3428.5714285714284,3500.0,0.8685599999955684,True
LOG00006,Idle 35,43.548874999999995,44.548874999999995,45.39122287968441,7.022437404788369,30.726223521988985,22.338431952662724,163.0,3.594923972067345,11.136903353057198,16878.814454775995,5171.428571428572,0.0,0.09861932938856016,4.47497691665188,3.1629128792479007,1.075477179997344,5.495598936750085,3.4168020293808463,1.3886755772399273,2.5182749013457477,0.9148508918112734,1.356253444022085,0.48437744692252444,0.6235195763632961,0.3874019019957213,2.926052521147666,3.4105008018477907,4.628414212276469,2.5028863870015545,3.587849447473724,13.586525985803696,9.810532519872272,3.874882984444786,9.210644185836141,43.600494,0.11834319526627218,2.5028863870015545,3.587849447473724,7252.142857142857,43.498875,5.0,55.90978040571055,166.0,1.9097808905943492,3100.0,3163.571428571429,3614.285714285714,0.14804999999924462,True
LOG00006,Idle 35,45.506291999999995,46.506291999999995,22.15966469428008,4.2758669012718995,33.72606705229131,22.51740631163708,943.0,3.65122934567396,5.339674556213018,10542.49436460975,3200.0,2.8599605522682445,3.7475345167652856,9.73519420858842,27.586480249419477,3.4274759803658443,11.323780065788167,22.461869027990335,4.47893866269196,9.626365164859026,34.66099021947028,4.439731714144718,0.5551722695222439,0.7426185359091252,0.497387047906584,3.922484469746681,5.77896686396368,3.9255026491681044,2.762483875513348,4.753343344613819,50.804067302115385,112.32605224004945,20.685597632538244,53.71947170343324,45.943673,0.4457593688362919,2.762483875513348,4.753343344613819,3500.0,45.456292,0.0,37.27421420258002,943.0,4.703797555278079,3085.714285714286,3242.8571428571427,3542.8571428571427,0.21319199999891225,False
LOG00006,Idle 35,48.111902,49.111902,32.04220907297831,6.844356826360305,21.264759369725372,22.57431952662722,231.0,2.846900201177176,5.565315581854043,12981.56875176106,4600.0,0.0,0.0,2.596611348539837,2.860953660189279,1.4925164975751632,2.7297642940721016,2.912639598399032,1.3921308322842831,0.9678196920610567,0.6131084035621179,1.180154640485808,0.5307000814625741,0.6795420655907071,0.3809622636413396,5.786673415750947,6.075308415907496,5.098856456667158,2.6680009046473994,4.094875601192312,9.972595585999338,10.589433161154389,2.731981546525918,5.32469128651375,48.269088,0.0,2.6680009046473994,4.094875601192312,5256.428571428572,48.061902,0.0,11.40992346015378,121.0,1.2558458010116444,3342.8571428571427,3442.8571428571427,3500.0,1.3433069999931462,True
LOG00006,Idle 35,53.626996,54.626996,25.782347140039448,11.695521404405788,41.63859082688407,22.38871794871795,128.0,3.433541255198117,4.763353057199211,10630.924204001129,3528.5714285714284,0.0,0.0,5.175519825309313,3.3024604276407175,1.7034804317748173,5.306010598339999,3.558155596617824,1.7034799311007027,1.2957256550995033,1.2566033517941915,1.064449024048045e-05,0.6260710891431327,0.6549816903404644,0.36799064525770725,3.8033454096798347,3.984491571817525,3.5134788268792243,3.2813895635569255,3.957051179751953,12.355675695545393,10.867772598942592,4.341212407744097,9.994364636779379,53.939084,0.16370808678500987,3.2813895635569255,3.957051179751953,3642.8571428571427,53.576996,0.0,76.70440126817655,943.0,3.4991422351427275,2985.714285714286,3428.5714285714284,3514.285714285714,1.075829999994511,True
LOG00006,Idle 35,59.507200999999995,60.507200999999995,33.57130177514793,9.866540137338559,18.235038189530773,22.432021696252466,45.0,2.925366279295978,6.33405325443787,13347.354888701044,6785.714285714285,0.0,0.0,6.144592529153236,5.853613154512268,1.787917951337497,6.15496148065303,5.891259271716008,1.7879179513374968,0.490496410272205,0.43057434385860355,3.5418433942208896e-14,0.47973429390829075,0.5436615760172443,0.3508183988864866,3.2995584821911916,3.46079517607068,4.422620172861147,2.4751616399088507,3.0637282874462333,14.971669498555078,15.295059856560846,6.000866783724033,12.649605634544363,60.031411,0.3027613412228797,2.4751616399088507,3.0637282874462333,7357.142857142857,59.457201,0.0,50.847286691723255,943.0,6.282084509229195,3342.8571428571427,3442.8571428571427,3528.5714285714284,1.155776999994103,True
LOG00006,Idle 35,64.876329,65.876329,41.412524654832346,6.742664283056626,36.58023099731326,22.203471400394477,80.0,2.584927595072672,8.836094674556213,15741.4236404621,8728.57142857143,0.0,0.0,3.716319677571285,1.7263974143111016,0.7405475601077007,4.460655323046641,2.002813535017648,0.7404455681188508,2.1541237569769307,1.0973429418797287,0.007217306800554581,0.45860077532206756,0.6011960603410433,0.2703362213525202,3.7999218260962664,3.873477283708725,5.415689504478015,2.1808350595434547,3.4211830906249094,10.95418106661729,7.667588487587876,2.8975403343218176,7.479929310958979,65.346272,0.0,2.1808350595434547,3.4211830906249094,11247.857142857145,64.826329,2.8,35.732314621220624,151.0,4.376091984301629,3242.8571428571427,3312.8571428571427,3628.5714285714284,0.1371929999993,True
LOG00006,Idle 35,67.835174,68.835174,39.77268244575937,18.05256168897555,17.789227903217334,22.0108382642998,164.0,6.607302726372701,8.60326429980276,14965.479712595097,5242.857142857143,4.437869822485207,0.0,4.729397422219531,3.9488937199817498,1.9583570503447456,6.791373420366311,4.316547597698324,1.8744644215413706,4.213144115374517,1.4477886771027628,1.6943582436257922,0.5540652882659435,0.7237599557376334,0.4711316121679916,4.045720528767202,5.6073616867699325,5.023828077045731,2.545241077917019,3.8593840436420224,18.214344001807298,12.54538113295898,4.356659361770671,9.925051989923656,67.940071,0.15384615384615385,2.545241077917019,3.8593840436420224,8140.714285714286,67.785174,0.0,56.75254204733626,943.0,7.001358819955962,3028.5714285714284,3385.714285714286,3585.714285714286,0.9741689999950296,True
LOG00006,Idle 35,70.510868,71.510868,11.885502958579883,19.43539839932093,55.173057010857946,22.36230769230769,192.0,2.7865687743549783,3.8588362919132146,9168.388982812061,3328.5714285714284,0.0,1.0848126232741617,2.3841520047917633,1.2073834163473827,0.8797283141362585,2.6823624571927294,1.3173540031484041,0.9904871251876874,1.52479972937796,0.43773246580757724,0.8578367122910999,0.3810531651845645,0.6055856617840535,0.338569096205329,2.329216978992991,5.304518043725802,4.228660724914526,1.3978112286820201,3.1196059644407326,7.7879946045533615,4.54019958028244,1.8897030846171647,3.348300598614728,70.647339,0.0,1.3978112286820201,3.1196059644407326,3457.1428571428573,70.460868,0.0,47.329306904926035,147.0,2.2655444426848916,3185.714285714286,3385.714285714286,3500.0,0.44118899999774897,True
LOG00006,Idle 35,82.448649,83.448649,37.16637080867851,14.622239392671142,27.697375249286452,22.091459566074953,78.0,4.007856699679368,8.14456607495069,14342.42040011271,7742.857142857143,0.0,0.0,1.5308704711836507,1.3397721520598571,0.9422029622844662,2.4959353210242723,1.4689055614816862,1.0313759151686845,1.6900786982573301,0.8755257327096748,0.5313714907248129,0.46334726935606896,0.6459481184962368,0.31390786765399487,3.2521867332284358,4.796353796698943,3.763260144015867,2.074362278853505,3.4707798388000386,6.334215655346905,5.7989831115640555,1.4384981437209357,3.7708091077471395,82.469683,0.0,2.074362278853505,3.4707798388000386,7942.857142857143,82.398649,0.0,42.38277677780197,221.0,4.589772974645479,3142.8571428571427,3264.2857142857147,3514.285714285714,0.2279969999988367,True
LOG00006,Idle 35,92.575889,93.575889,45.79102564102565,4.8830411690374,44.208357067857676,22.066903353057196,104.0,2.8355670613454387,10.243313609467455,17117.927585235277,6800.0,0.0,0.0,1.8940785947895047,1.5118475932042836,0.8971480477565161,2.8349989110529594,1.4105540694600347,0.8862005949501957,1.6831696823973552,0.3839415173833852,0.7745168362413514,0.3660565913295262,0.5522647827289713,0.34789263179571106,3.17493174186052,3.2934618683411143,4.85086135179094,1.545551357638211,2.884331578495347,8.127315327823194,4.980534099984111,1.7136535338739527,3.712693227511482,92.599882,0.0,1.545551357638211,2.884331578495347,8028.571428571428,92.525889,3.5,32.64781948801366,115.0,2.136754288456314,3128.5714285714284,3271.4285714285716,3614.285714285714,0.10363499999947123,True
LOG00006,Idle 35,94.60428999999999,95.60428999999999,42.37633136094675,25.314072766589963,32.73369169618582,21.90802761341223,205.0,6.53573022158524,10.685246548323471,15223.4819667512,3457.1428571428573,0.0,0.0,4.200158722002733,4.344558562596035,1.3874203122544795,4.6747577048334525,5.038903617970871,1.6272441784288627,1.7038429508024853,2.1368624750395067,1.558848222323469,0.7776569543142738,1.011972766066267,0.49311262303090303,3.470205878586099,5.3881161541638765,4.861584145761965,3.631309742071652,5.696019883276371,11.793965962986949,14.102226103175653,4.272968663227136,7.992750842683535,95.37018,0.0,3.631309742071652,5.696019883276371,3628.5714285714284,94.55429,0.0,55.469667831648785,152.0,2.143650005888975,3057.1428571428573,3157.857142857143,3485.714285714286,0.17963399999908347,True
LOG00006,Idle 35,98.2911,99.2911,34.55424063116371,7.2437306611175565,50.734925306482644,22.131696252465485,74.0,3.110190318193392,6.270532544378698,13680.015497323187,8214.285714285714,0.0,0.0,1.2238912828601494,1.0772058186868378,0.692020932541634,1.6713274502295896,1.195536399072107,0.6920209307120427,1.1029217933008046,0.44019061828367284,6.889591539200497e-08,0.3956858939080115,0.44318094540821673,0.24171678998599028,3.7983528566420346,4.717011092834257,4.812405045880374,1.7343025191305244,2.3854868568482877,5.402899360437302,4.747676687080673,1.152883829376109,1.7668520674855936,98.654474,0.0,1.7343025191305244,2.3854868568482877,8752.142857142857,98.2411,0.0,41.037422814271885,62.0,0.5853769291143992,3428.5714285714284,3442.8571428571427,3500.0,1.3709429999930052,True
LOG00006,Idle 35,108.412306,109.412306,46.333333333333336,22.951970547324684,31.530890869596877,21.592169625246548,943.0,5.041141169986275,13.607534516765286,17825.482530290225,3271.4285714285716,0.591715976331361,9.270216962524655,21.605552134362224,7.306327514470843,2.8386565325358384,25.73500378531415,7.998212518564211,3.0160953240747754,37.78516606487367,2.1692588134955124,1.8111435570716137,0.5914696567537373,0.6965319491302966,0.5244505471831763,3.7765143693421677,5.392271929020271,5.739041240920843,2.883951107173669,3.4223999423581515,88.49379567951223,17.7357326608672,16.127341764521482,54.27221189073563,109.226538,0.3175542406311637,2.883951107173669,3.4223999423581515,3457.1428571428573,108.362306,3.8,50.41242920121231,254.0,3.7245095794222696,3228.5714285714284,3298.5714285714284,3485.714285714286,0.1569329999991993,False
LOG00006,Idle 35,111.19641,112.19641,32.43777120315581,5.628155775987039,45.91613936115324,22.1792899408284,40.0,2.200590041537566,5.357218934911243,12910.936179205411,8842.857142857143,0.0,0.0,1.23850592618883,1.2064019125506986,0.5880819426357549,1.3857681133807889,1.1186122172641493,0.5594950438039422,0.6854142367050682,0.4153003278545001,0.2740934946417163,0.34167974573751103,0.42153573323974536,0.262494549256747,5.6915976449588275,4.733856639673923,4.551819694149465,1.3585405328235776,2.2180092327391114,4.259691351987979,4.448145237649825,1.2225593040443548,2.264356785973956,111.858715,0.0,1.3585405328235776,2.2180092327391114,9114.285714285714,111.14641,0.0,38.80713514649207,93.0,0.588430163418276,3385.714285714286,3446.4285714285716,3514.285714285714,0.8350019999957397,True
LOG00006,Idle 35,125.78674699999999,126.78674699999999,31.698323471400393,5.135989650903011,19.346748913032428,22.04894477317554,50.0,2.1503351881762036,5.166222879684417,12742.402789518175,8671.42857142857,0.0,0.0,1.9304885242301106,2.3579108760784306,0.5866960492452616,2.2059869942011403,2.3931096598630313,0.5864830773580827,1.3915093585422116,0.8397695463375578,0.0024050003147172857,0.42663175860800884,0.40650136654979363,0.31077444013926514,3.9972446520883933,5.183796399873641,5.199982735147421,1.9467777282655923,2.123618459054101,6.80917700744647,6.948173883516579,2.1548236171103547,4.908177595744502,125.862041,0.0,1.9467777282655923,2.123618459054101,9142.857142857143,125.736747,3.1,27.149357719114835,68.0,1.061540170097252,3400.0,3471.4285714285716,3614.285714285714,1.3156709999932872,True
LOG00006,Idle 35,154.484789,155.484789,29.05680473372781,10.568014338956015,18.69223580912855,21.843984220907295,199.0,2.644157078923266,4.8696153846153845,11668.128346012962,5485.714285714285,0.0,0.0,1.7187332315023442,1.6904562721214589,1.5348791056283548,1.7864003332728806,1.7307615988755667,1.642381431450588,0.7141765043987836,0.45106342236470215,1.6105111281651963,0.4134557015093081,0.5400245737052274,0.34805157490778227,3.223400788473953,4.83283659758359,4.08779237871211,1.876234067318035,3.047021886746558,5.437378849905205,5.140530061157574,1.7046533854460366,4.417671770414582,154.528513,0.0,1.876234067318035,3.047021886746558,5709.285714285715,154.434789,0.0,29.31612586457037,89.0,2.2099315390188603,3114.285714285714,3400.0,3528.5714285714284,0.5112659999973914,True
LOG00006,Idle 35,158.777378,159.777378,31.387179487179484,3.8024275093470985,13.689992512320798,21.85197238658777,55.0,2.0201340150284404,5.009211045364892,12584.728092420402,8371.42857142857,0.0,0.0,0.9755501435423906,1.2766960536402034,0.7770491551830846,0.8996533357290547,1.4282121869170274,0.856012076424394,0.41090017748159624,0.5129786117440085,0.772185575009409,0.3356829280531916,0.44264918886952626,0.2753143535217848,4.852751320714559,5.680753342012621,4.679448484453479,1.3403468325355128,2.4483467267715042,2.551056554910354,5.510166325879466,1.136144994256025,2.775877824425844,158.794465,0.0,1.3403468325355128,2.4483467267715042,8885.714285714286,158.727378,7.1,29.53932870804524,157.0,2.8153850592901097,3328.5714285714284,3414.285714285714,3485.714285714286,0.15002399999923455,True
LOG00008,Idle 35,9.001754,10.001754,29.823767258382645,4.803025140684187,35.399695103040095,24.553481262327416,128.0,2.6283675799641295,5.322080867850099,13191.494082840236,8271.42857142857,0.0,0.0,3.2168579192845623,2.9098055822630355,0.8785225741030225,3.256103340157198,2.956672069748953,0.8411681028640696,0.7043485879496497,0.7951726215174524,0.4778231848045571,0.48729010363067926,0.5751904385725112,0.369588169900918,4.827328559487496,5.370469940653919,4.6132150566253065,2.406516859641692,3.3968192043448497,9.829011519762366,9.596699794346012,3.067176502863254,5.9312231923984715,9.002075,0.0,2.406516859641692,3.3968192043448497,8852.142857142857,8.951754,0.0,30.54811344078065,489.0,6.875273629725351,3300.0,3385.714285714286,3500.0,0.37999499999259,True
LOG00008,Idle 35,23.551485,24.551485,56.586390532544385,27.475275099698123,46.66441706824501,23.408155818540433,104.0,7.65637860871335,13.838145956607496,20574.46111580727,9114.285714285714,7.199211045364892,0.0,6.69176314019071,6.9994900073671396,3.4333378617850556,6.851103374995176,7.590930692748714,3.782717732569837,0.9867361425810331,1.7494277468014074,2.3368410869021217,0.9055941989656058,1.2399901356966598,0.544732070631632,3.201795736386253,5.353333076799692,4.419808112077504,3.1493758175613853,4.8450236401778985,10.083869205119463,12.460628330170314,6.847355485428205,17.200685902812705,23.59225,0.16173570019723865,3.1493758175613853,4.8450236401778985,9400.0,23.501485,0.0,48.21005572528197,122.0,0.8871063863955052,3400.0,3457.1428571428573,3500.0,1.4706299999713224,True
LOG00008,Idle 35,28.099593000000002,29.099593000000002,35.404142011834324,11.93237943983527,57.07397027141744,23.62921104536489,143.0,4.22134689653615,8.378412228796844,14002.240067624683,4514.285714285715,0.0,0.0,6.018834530298072,8.615339817598558,2.178812578903447,6.095815058133242,8.627040118516904,2.2732788649341518,1.2102858238269965,0.8518542116071263,1.4021740143440238,0.5846518282168444,0.8273056612136035,0.44943324429651493,2.9160484682319305,5.054143337856724,5.5723419894325845,2.8842582149062923,4.731516389799164,16.424743204967083,21.895641852887103,7.431367615580847,19.924224774267728,28.901929,0.27317554240631164,2.8842582149062923,4.731516389799164,5209.285714285715,28.049593,0.0,132.5995260702859,499.0,3.9025849810969175,3300.0,3342.8571428571427,3485.714285714286,0.2576069999949766,True
LOG00008,Idle 35,37.415613,38.415613,38.88165680473373,5.809571678984809,19.166535105058763,23.728037475345168,81.0,3.6806713821771537,8.629664694280079,15867.31825866441,10500.0,0.0,0.0,3.79739805289667,3.68347578646247,1.173753497479287,3.822574141207168,3.7854649969679492,1.280594596091914,0.5585179384818618,0.3439434795598666,0.6863730082325052,0.3615986622584713,0.44996307353419523,0.2919795938104155,2.168743472587911,2.978355583539738,5.273922654479013,1.5920599910748392,2.516651148051769,10.104727739154864,8.458041235325206,3.7408706100050244,9.693150716492834,37.470189,0.10157790927021697,1.5920599910748392,2.516651148051769,10800.0,37.365613,0.0,30.70597017086934,943.0,6.22674003166105,3385.714285714286,3457.1428571428573,3514.285714285714,1.4775389999711876,True
LOG00008,Idle 35,47.256570999999994,48.256570999999994,32.428106508875736,13.139093127364733,25.150408146197915,23.635680473372783,113.0,6.274660782175078,6.215631163708086,13616.913214990138,6614.285714285715,0.19723865877712032,0.0,4.161721811134151,3.8799583722849267,1.5800760664213174,4.653522124264425,4.043799307283202,1.7613139036586283,1.7758950983263002,0.8982613168087954,1.0763573170883696,0.46143891572897516,0.7189041978019327,0.4232133106689977,3.189572785885775,6.082527787488205,5.668346525235516,1.980367210499745,3.505131115259244,11.890567756751958,8.533609154812552,4.0233074331906105,10.486869668037665,47.316078,0.16765285996055226,1.980367210499745,3.505131115259244,7109.285714285715,47.206571,0.0,61.290446339164994,846.0,2.1923945029441936,3157.1428571428573,3442.8571428571427,3514.285714285714,1.4726039999712839,True
LOG00008,Idle 35,67.65383299999999,68.65383299999999,24.39921104536489,11.312963160561655,48.69071760079546,23.686134122287967,108.0,4.289029286295936,4.2286686390532555,10846.277120315583,4328.571428571428,0.0,0.0,1.5419518171541153,1.346290292817896,1.5518957806503297,1.5147399071534602,1.4234051037783637,2.6712050419418554,0.6975197013304913,0.5610614275118544,2.7772831315081747,0.3596947722646014,0.5432691887435884,0.4148156349195273,2.4215648852489258,4.343327245411973,4.14696800958835,1.3428118284421446,2.7728092183885966,4.398986793867796,4.629891730472478,1.4474309929942386,2.301777839203564,67.681772,0.0,1.3428118284421446,2.7728092183885966,4818.571428571428,67.603833,0.0,45.42759549791156,104.0,4.673133757071448,3257.1428571428573,3414.285714285714,3500.0,0.6474719999873741,True
LOG00008,Idle 35,86.962868,87.962868,38.8129191321499,9.758174682566008,51.40693813320772,23.31644970414201,133.0,4.026515664659813,8.071676528599603,15735.774161735702,9571.42857142857,0.0,0.0,1.544813016218141,1.4917759987984436,1.038694458593989,1.4534230811748337,1.601093359822646,1.3530998113640398,0.833936082042307,0.8526094739352076,1.139051865678423,0.4574934892279098,0.620383179541963,0.3373108216020151,3.5803735333831073,5.349771085382336,5.248106410586354,2.128931051936126,3.483129669975438,5.04662677583707,5.907822514590746,1.5185260757833707,2.792958335309288,87.005606,0.0,2.128931051936126,3.483129669975438,10471.42857142857,86.912868,6.1,42.94251312598617,139.0,5.404866499085807,3185.714285714286,3366.4285714285716,3685.714285714286,0.30991799999395653,True
LOG00008,Idle 35,96.937984,97.937984,44.413510848126236,9.924702952712815,21.94184776662592,23.05344181459566,88.0,5.4919424856998775,9.89801775147929,17290.278951817414,8371.42857142857,0.0,0.0,5.643675822045888,4.014011246844663,1.4841742297906009,5.637926585644953,3.8226402586264023,1.4899664377163444,0.697292288716667,0.8449720021937158,0.5538282510768783,0.66885686379555,0.710935503289457,0.3947328468522901,2.77988711557341,4.113926370813307,6.4056115310995985,3.3309524420875807,3.9011075335603778,14.147573861049327,10.518134991912149,4.897109508380471,13.52430330380096,97.119827,0.17357001972386588,3.3309524420875807,3.9011075335603778,11145.714285714286,96.887984,0.0,19.072581318830416,129.0,1.1530407882582503,3400.0,3457.1428571428573,3514.285714285714,1.2446069999757299,True
LOG00008,Idle 35,106.95465399999999,107.95465399999999,30.872682445759366,9.252813064642474,37.57072039132226,23.162228796844182,52.0,4.381543388828351,5.475946745562129,13117.737390814313,7814.285714285715,0.0,0.0,3.301964020199094,3.370985613012639,0.8588923107556963,3.320304475666475,3.836403406060914,0.8663101224067423,0.31262657633060825,1.0755590685017489,0.3721765901928192,0.5353047059368065,0.7199447776446104,0.4305910997904176,4.0645951464711505,6.211985076225538,4.26570648655676,2.6645358668624812,4.299831553548635,9.63285592205085,10.704153187595498,3.3366532928840202,7.358778334200491,107.04968,0.0,2.6645358668624812,4.299831553548635,8057.142857142857,106.904654,0.0,42.609361230096496,92.0,1.5704868656351272,3114.285714285714,3305.714285714286,3514.285714285714,0.3405149999933599,True
LOG00008,Idle 35,112.047359,113.047359,41.54418145956607,10.049839345895785,11.998007486646836,23.03355029585799,116.0,5.4862630479700485,8.504654832347137,16495.801634263174,12457.142857142857,0.0,0.0,4.475778742692124,7.259374668494259,1.2228623019047673,4.434755492288567,7.2081085533473015,1.233955589013584,0.5256119176895414,1.3435719482999022,0.3246762437699017,0.44965865571854136,0.6580427677678927,0.3626197136283937,2.3395799027677557,3.3148590510119544,5.548556964328447,1.9154494808837108,3.2674228841164856,10.606880651716757,14.86474191731039,6.03038622026446,18.229002170468192,112.09799,0.15877712031558186,1.9154494808837108,3.2674228841164856,12757.142857142857,111.997359,0.0,40.99937445293326,943.0,2.7269081836598765,3357.1428571428573,3442.8571428571427,3514.285714285714,1.48049999997113,True
LOG00008,Idle 35,133.039794,134.039794,32.24161735700197,11.93367534526096,36.064414981729314,22.894102564102564,116.0,5.40298389716099,6.157209072978303,13352.05691744153,8085.714285714285,0.0,0.0,7.410413884096728,7.498468723002354,1.672890163860627,7.3324135724752155,7.846908655421116,1.7515875730597033,1.1847103478637901,1.0590184916790004,0.9510896620941857,0.5529128983180341,0.8676936233001002,0.5149018433641837,3.7753393312318027,5.1989560160889665,4.766444244333127,2.7221895811682106,4.991171359952784,18.573113693407592,17.72786282425442,7.454571319782851,18.390909922869724,133.166391,0.2445759368836292,2.7221895811682106,4.991171359952784,8271.42857142857,132.989794,0.0,55.99168052168319,124.0,1.1023137121616202,3242.8571428571427,3414.285714285714,3500.0,0.9810779999808688,True
LOG00008,Idle 35,140.628445,141.628445,30.883037475345166,11.400251227576085,32.50149134757369,22.848865877712033,77.0,4.516296284024284,5.585759368836291,12780.050718512257,7814.285714285715,0.0,0.0,5.578056968324208,6.201442086543364,1.6093963661943196,5.595888654202821,6.34361850487069,1.6444831574265968,0.6888307577404762,1.4379562091654958,0.46380543463368806,0.509817087355637,0.6466083277319099,0.39568116096597294,3.358580397704555,4.860951383006368,3.7433677971467,2.4507991322347813,3.58261106425718,12.90379361065385,14.578225366358799,5.897991331573045,14.939801675170056,141.34204,0.1873767258382643,2.4507991322347813,3.58261106425718,8300.0,140.578445,0.0,55.603935791698675,156.0,2.4113953309586527,3200.0,3414.285714285714,3500.0,0.672146999986893,True
LOG00008,Idle 35,157.47114900000003,158.47114900000003,34.97159763313609,17.857645559889395,22.310965661127543,22.655433925049305,289.0,5.141312805356071,7.483520710059173,13796.058748943364,3900.0,0.4930966469428008,0.0,11.08309469025911,9.230216550943839,2.0683431041990157,10.984396695557823,9.771038828158266,2.0699322476849273,1.021640978552402,1.9134378294307817,0.09011465971500071,0.7026172975583981,0.9667436171675184,0.5228789161678118,3.3386805639923542,5.408865695619775,4.821643726970044,3.372805042711733,5.461120505290247,25.127465975523375,28.555596487024797,10.198820654628829,25.04164096420973,157.549403,0.39447731755424065,3.372805042711733,5.461120505290247,4252.142857142857,157.421149,0.0,57.46116424158947,943.0,2.8003695942273534,3242.8571428571427,3428.5714285714284,3514.285714285714,1.4874089999709952,False
LOG00008,Idle 35,160.095449,161.095449,28.621104536489156,3.464327702868062,43.33659529258878,22.784220907297833,87.0,1.7185876249427385,4.3724358974358974,12045.435333896872,9714.285714285714,0.0,0.0,1.0505497493920684,1.1450243084716298,0.5439173077254141,1.2437343920514683,1.5797190861090122,0.5439411990703732,0.9832249885790527,1.1675325448351335,0.0006379499107577986,0.30500607113624784,0.40042822221167385,0.23858695944794536,3.4941016514870595,5.461438995902396,3.06370285809226,1.1956038002905907,2.070487160437871,4.679891096020445,5.811893539017705,1.0988028583277971,1.9831871696761012,160.100698,0.0,1.1956038002905907,2.070487160437871,10185.714285714286,160.045449,0.0,30.410433550624447,85.0,6.766467053032624,3271.4285714285716,3428.5714285714284,3500.0,0.61588799998799,True
LOG00008,Idle 35,175.066853,176.066853,39.42061143984221,7.803013579887995,29.32521938684475,22.61611439842209,105.0,2.9281982298724833,8.187623274161737,15416.575091575092,7285.714285714285,0.0,0.0,1.904910142957826,1.6164416044830825,0.9992849379916955,1.888338028454937,1.6069603873917278,1.10947137021568,0.8188750719003073,0.5389157920562826,0.8646928006503296,0.349830217963154,0.5295201259367064,0.3120666967326611,2.7208481560944646,3.7802584108969914,4.814597110231625,1.5619236896630526,3.084694501496902,5.413566856925148,5.698281688472713,1.7665738186454945,3.012897165106763,175.163855,0.0,1.5619236896630526,3.084694501496902,8047.142857142857,175.016853,7.2,19.620259716413816,48.0,1.483011844528547,3342.8571428571427,3398.5714285714284,3542.8571428571427,0.23589299999540003,True
LOG00008,Idle 35,188.111344,189.111344,31.448422090729782,7.8327255928170985,36.2988057899189,22.65111439842209,70.0,4.0449991186586605,5.609536489151873,12847.020287404903,8757.142857142857,0.0,0.0,3.0876882190290487,2.472706249128197,1.174865497957659,2.875971171126904,2.620050507556038,1.4651920585327787,1.0162970362423993,0.6200496444537408,0.7595653235296941,0.6583383656954106,0.7865232802680124,0.423189044151334,4.2610180603646794,5.931654381993622,3.7353315176847826,3.4258494381458746,4.798779517663014,8.958924456438595,8.820531454959445,2.797149864809571,6.37743680898437,188.389873,0.0,3.4258494381458746,4.798779517663014,9142.857142857143,188.061344,0.0,35.45624071667927,63.0,1.323882203673303,3171.4285714285716,3373.571428571429,3514.285714285714,0.43822799999145445,True
LOG00008,Idle 35,197.049756,198.049756,38.33422090729783,15.234053082098733,13.847635399467547,22.41610453648915,84.0,5.291592780170594,8.001055226824459,14905.483939137786,6071.428571428572,0.0,0.0,6.74115676471675,6.404282736760389,1.526054778933771,6.7422067554918845,6.8563224006742525,1.5321472825823457,0.39982918012952073,1.646697077871973,0.10260403647074152,0.531416186467632,0.6446111393046386,0.47598571128937334,2.7790744956689677,3.978026734094442,5.486771991953896,2.316477318402587,3.3801339814230595,14.320438215722845,15.142843851836567,6.574877637601083,14.07571066089265,197.129984,0.20414201183431951,2.316477318402587,3.3801339814230595,6314.285714285715,196.999756,0.0,48.68319585192765,943.0,2.3165639273642826,3285.714285714286,3428.5714285714284,3500.0,1.4735909999712646,True
LOG00008,Idle 35,200.30645700000002,201.30645700000002,52.77800788954635,25.711439974034892,16.91333401290902,22.110394477317552,109.0,6.875817978488543,12.817159763313608,18149.54916877994,9414.285714285714,17.357001972386588,0.0,4.460464845083598,9.789443570322574,2.0737312151631127,4.5204165187277345,10.169086728758515,2.1300156013159492,0.6604298545834348,0.9763686065366971,0.1248775687332947,0.6054466703373745,0.8693746206638157,0.44266133150550085,2.7812312862202315,5.101854471969909,5.4006852328992005,2.2340909614956628,3.529477494607197,8.807664315261754,14.652449627243067,7.606870317376147,24.891638513145548,200.378793,0.1883629191321499,2.2340909614956628,3.529477494607197,9828.57142857143,200.256457,0.0,43.22005295682353,943.0,2.984536451196689,3200.0,3428.5714285714284,3514.285714285714,1.4193059999723232,True
LOG00008,Idle 35,202.79954500000002,203.79954500000002,30.24161735700197,21.928642202914578,16.639534040899544,22.312297830374753,132.0,5.940322325659876,6.138994082840236,12044.78021978022,3671.4285714285716,0.2958579881656805,0.0,4.066325097064507,3.735479498795009,1.131618123311098,4.1036768418156,4.055288567805331,1.1112278393335047,0.7397201408106752,1.7208877361774184,0.11178108829731749,0.4395869533389418,0.7271501057525345,0.4137073564841874,2.520005248755562,4.455580040204787,4.149484530833228,1.670412997756611,3.528042898897036,7.44075879993013,12.780926062141083,3.9044082061776324,10.926721091594427,202.832418,0.11242603550295859,1.670412997756611,3.528042898897036,3895.0,202.749545,0.0,40.21350676833709,943.0,6.622813169765263,3185.714285714286,3428.5714285714284,3514.285714285714,1.3294889999740747,True
LOG00008,Idle 35,212.107009,213.107009,26.96301775147929,1.6845694776792888,44.74409026174174,22.549605522682445,59.0,1.7370344512544853,4.119773175542406,11377.289377289379,6600.0,0.0,0.0,1.9469026211695661,2.005385273150137,0.8456030935422084,1.8958955174966565,2.0335029109255975,0.9027408348970314,0.3765966836925921,0.40703205393426534,0.6598189612646477,0.3790827179543952,0.44426969741130146,0.30769907245423794,3.692779446515209,5.239243573615386,2.962262463198846,1.684827185134842,2.5460736137761137,5.850285314777374,6.3822207433899525,1.976360279666181,3.4408692569398625,212.720981,0.0,1.684827185134842,2.5460736137761137,7232.857142857143,212.057009,4.2,45.6444589167643,87.0,2.192864515914344,3185.714285714286,3385.714285714286,3514.285714285714,0.38789099999243604,True
LOG00008,Idle 35,216.91566500000002,217.91566500000002,25.03925049309665,12.571948276297833,16.940862789547385,22.408846153846152,71.0,4.47790658954582,4.080483234714004,10569.797830374753,4771.428571428572,0.0,0.0,1.713049237758636,3.1367351628797655,1.1663830932616517,2.151835090298977,3.051689033169223,1.1541536549327838,1.387880895089958,0.5948968501052472,0.8074049715576059,0.3422912297112854,0.5264818870069485,0.3943051852968075,3.551183854492871,4.341033602341609,3.913900294166781,1.413789035245545,2.6398682446618675,5.755539309362534,5.97455155406574,2.527216371131664,11.272546381756106,216.928762,0.07396449704142012,1.413789035245545,2.6398682446618675,5000.0,216.865665,0.0,61.8697198791954,943.0,5.540984429643747,3014.285714285714,3428.5714285714284,3514.285714285714,1.2347369999759223,True
LOG00008,Idle 35,228.174484,229.174484,20.276627218934912,18.00044422159197,40.97451747813508,22.441528599605526,125.0,2.5413044582823345,4.403372781065089,10328.634826711748,3385.714285714286,0.0,1.0848126232741617,1.172340222325285,1.2610583895702685,0.59171568297064,1.3187154815114244,1.2001754625933794,0.6393347354604226,0.7411721219119084,0.6844699591453922,0.3289544005069203,0.3484821967320445,0.5566719970575156,0.3099137442129203,2.371398864433965,3.6982220148899794,3.5617070210127846,1.3683946399413964,3.009320717546804,5.964060674059736,5.657202910730314,1.2175076711847155,2.201831129656138,228.857515,0.0,1.3683946399413964,3.009320717546804,3457.1428571428573,228.124484,0.0,39.85176402774088,136.0,5.737524118975307,3285.714285714286,3428.5714285714284,3500.0,1.256450999975499,True
LOG00008,Idle 35,230.10226400000002,231.10226400000002,28.84930966469428,8.868943582690335,32.58311211813135,22.4414201183432,70.0,3.5267622120851927,4.98586785009862,11799.947168216398,7142.857142857143,0.0,0.0,7.595651992780382,5.083873969156255,1.5932557858866785,7.818601319606169,5.040293435804501,1.6802491212240112,0.5744244592042965,0.4700524424359112,1.0455378207292654,0.5520243650360258,0.8146355042119449,0.5132307663637481,3.79936523508315,5.0667048864600375,4.178386162325297,2.8768026608632953,4.917885643521683,17.002755316798485,14.877739749015902,6.462959992514776,15.563326364771433,230.573176,0.2958579881656805,2.8768026608632953,4.917885643521683,7257.142857142857,230.052264,0.0,43.04340254366839,125.0,2.5413044582823345,3385.714285714286,3442.8571428571427,3500.0,0.8093399999842177,True
LOG00008,Idle 35,239.179795,240.179795,26.15493096646943,18.323640714085805,54.14259293840475,22.361952662721897,117.0,4.6332167244835345,4.629871794871795,11000.154973231894,3442.8571428571427,0.0,0.0,1.3401170196800631,1.633339033030458,0.8128004244537175,1.3700269589199487,1.5060886057603777,0.8974048030081823,0.7787280419134825,0.8377561720458226,0.7553782401786302,0.4103443942394739,0.6419729951438334,0.39488081765714816,3.4616995619720305,5.147522972785254,4.840743529469449,1.6348324961102205,3.0609776712948875,6.65417962703711,6.278544285357495,1.4939394270279238,2.576018280931621,239.507656,0.0,1.6348324961102205,3.0609776712948875,4065.7142857142862,239.129795,2.6,35.70922186850918,50.0,5.695316476912085,3185.714285714286,3351.4285714285716,3500.0,0.2556329999950151,True
LOG00008,Idle 35,242.219433,243.219433,45.73491124260355,35.826930359661944,82.40103059418514,21.906104536489153,943.0,5.8810452343505375,14.092623274161738,18273.00295857988,3328.5714285714284,2.1696252465483234,7.100591715976331,5.4076541260742115,5.160262737113446,2.1286483416683537,12.530063960830702,4.843530168504706,2.1398856369786827,14.616983105579658,0.8514025117941159,0.578689174774024,0.47620927937016694,0.885655776042091,0.47799165175970204,2.9683831655897626,4.490980654670443,5.622381065418977,1.7256505000496742,3.9034324519116437,67.84701871650624,11.765459425919524,5.285406070648168,22.405902608722,243.203359,0.29191321499013806,1.7256505000496742,3.9034324519116437,3428.5714285714284,242.169433,6.6,59.380587462101694,48.0,2.843509454299935,3285.714285714286,3314.285714285714,3485.714285714286,0.11942699999767115,False
LOG00008,Idle 35,244.07319900000002,245.07319900000002,47.565581854043394,21.598613550513928,27.265951952794186,21.88783037475345,162.0,6.092491782945579,11.771143984220908,17141.578613694,6557.142857142857,4.339250493096647,0.8875739644970414,14.221891292841116,15.681283179203966,4.9489573871282015,14.205360337969486,15.529781326307294,5.16697378891086,0.13840964887586898,1.739879650686495,0.5527019996849664,0.8825721940747278,1.081468434781927,0.6258965339174638,3.5965982575723507,6.265297665811475,5.0811927127698695,4.180558318395698,5.642274958122009,28.494194709622896,32.65939519762355,14.969382654133998,35.37470377430301,244.217553,0.5,4.180558318395698,5.642274958122009,7322.857142857143,244.023199,0.0,83.8653116610916,943.0,5.8810452343505375,3242.8571428571427,3414.285714285714,3514.285714285714,1.0778039999789826,True
LOG00008,Idle 35,247.487742,248.487742,44.87465483234713,18.551695420833322,15.158868060265444,21.93937869822485,93.0,5.249819638923436,10.796834319526628,16484.703437588054,5657.142857142857,0.9861932938856016,0.2958579881656805,12.620469508033432,8.754691565431255,2.1772453860532575,12.57473636275064,9.335208364100032,2.1767175358991073,0.7359812908781056,1.73027010367683,0.14710242524396352,0.6230335970049634,0.7517958945775116,0.4757191585094056,4.4059663279433545,5.439432913625475,6.083044299747566,2.9608672789051216,3.6896939005791833,23.041447090486063,17.997452153670768,10.86095932708144,31.50989331105332,247.529493,0.30078895463510846,2.9608672789051216,3.6896939005791833,5952.142857142857,247.437742,0.0,44.11037880501697,943.0,5.373270089086496,3157.1428571428573,3428.5714285714284,3514.285714285714,1.307774999974498,True
LOG00008,Idle 35,270.356679,271.356679,62.94230769230769,29.357338578324274,26.652828976304825,21.475128205128204,106.0,7.253737472846787,16.09816568047337,20228.684136376447,9371.42857142857,34.319526627218934,0.0,8.636553512705413,8.135634954541002,1.8760563906183214,8.597692495032318,8.308855191024362,1.890892033866717,0.5951369137791739,0.6514157527431466,0.6562855590329859,0.6642109998526509,0.867498743804682,0.5072543680314957,3.2885824540049127,5.269329870634295,4.678559746680812,2.610359105953296,3.4468393280177674,15.523793533813613,14.877441456776188,8.389833511201921,22.43008664447479,270.406324,0.16272189349112426,2.610359105953296,3.4468393280177674,9828.57142857143,270.306679,0.0,52.73626196466183,943.0,5.228972559311389,3300.0,3428.5714285714284,3514.285714285714,1.3748909999731893,True
LOG00008,Idle 35,272.83497,273.83497,47.77110453648915,14.66412531874389,22.14280125114936,21.88921104536489,99.0,5.761900507759481,11.055108481262328,17440.190898844743,9614.285714285714,0.4930966469428008,0.0,7.551391005268189,7.863427307586986,1.9202395987549792,7.587945052082732,8.07485129697242,1.8981231407953878,0.5119992338314638,0.5016745679927537,0.4824764602731149,0.6246805344657023,0.9320625737675899,0.4535717209658831,3.248343063043802,5.790689247848462,4.701619146685843,2.7346359751842373,4.498623561523774,15.369608064976996,13.182642044827405,7.708988102732748,19.65397486935728,272.893494,0.17357001972386588,2.7346359751842373,4.498623561523774,9942.857142857143,272.78497,0.0,50.66416692768067,943.0,5.79668520799245,3214.285714285714,3428.5714285714284,3514.285714285714,1.3294889999740747,True
LOG00008,Idle 35,279.716334,280.716334,35.52258382642997,13.38958472554909,22.481501604386857,22.078461538461543,58.0,5.24017231577816,6.881932938856017,13776.179909833754,7028.571428571428,0.0,0.0,2.4629903694175925,2.244179805807506,0.9314347458463613,2.5025094420405014,2.2668054673294016,0.9124514847293967,0.5525347169444151,0.605145974476166,0.6546527650789526,0.39040948447528345,0.6398858914959918,0.37652786110695824,3.246178551548279,5.967068386104464,4.371276858718686,1.6797883094600934,3.3257457182136507,6.189241158203356,6.297051687937163,2.3561265416609114,5.809213098245457,279.786697,0.0,1.6797883094600934,3.3257457182136507,7375.714285714285,279.666334,0.0,40.79899227712175,86.0,6.764521361234459,3385.714285714286,3442.8571428571427,3514.285714285714,1.0008179999804838,True
LOG00008,Idle 35,287.548788,288.548788,37.59181459566075,5.358443912633244,37.49119479951872,22.076913214990135,83.0,2.850846459355634,7.049792899408284,14631.554663285433,8557.142857142857,0.0,0.0,1.6555459288386545,1.8095919544827501,1.0708683338325389,1.6560434734726093,1.7842719894888575,1.0556901020823213,0.47541915286241443,0.6005452063175342,0.5900296314196669,0.5102187872984005,0.6236434323788377,0.37165414485437714,4.061761520312505,5.072466569836489,5.249603515452619,2.631192699309113,3.6961730509165487,5.78638475394698,7.09313916923683,1.7342801625203084,2.754202176337127,287.864807,0.0,2.631192699309113,3.6961730509165487,10357.142857142857,287.498788,1.4,38.12709927598757,123.0,3.7899615292873876,3214.285714285714,3414.285714285714,3500.0,0.6099659999881055,True
LOG00008,Idle 35,302.19372500000003,303.19372500000003,34.7879684418146,5.522508471477841,68.77111917117305,22.134536489151873,99.0,2.947577781653971,6.463185404339249,13592.797266835729,8471.42857142857,0.0,0.0,1.2043154422013587,1.2449800794989385,0.761078504607865,1.228308553314913,1.2475112091587628,0.7368079409434521,0.7125361961679486,0.5612938001263832,0.5302680117965538,0.40735011492895323,0.5437149844547813,0.3206545393490083,3.669672113749854,5.526069287735611,4.142054902030955,1.806787542899018,3.131374571548142,5.206959384852445,5.3490584251345545,1.2248165337457348,1.725687187699334,303.111552,0.0,1.806787542899018,3.131374571548142,9266.42857142857,302.143725,0.0,68.1955359550941,445.0,1.0045255539388909,3385.714285714286,3442.8571428571427,3514.285714285714,1.4232539999722462,True
LOG00008,Idle 35,313.199821,314.199821,39.87297830374753,11.35337360933475,17.393360020376463,21.884349112426037,86.0,4.755946628153984,7.649950690335305,15306.854043392505,10500.0,1.6765285996055226,0.0,6.41354559993374,11.304065452054965,1.7395316542303838,6.363354838596374,11.687328481137431,1.8765535075066306,1.1530733798567916,1.3043633312086338,0.8439771806599501,0.501869738655375,0.6340305065295635,0.46942753224884065,3.542386744950773,5.024332790069635,6.762976981472377,2.3123023165309666,3.2600911584421857,13.003034086839534,19.791965377170712,9.190088761997133,28.998810455928478,313.234623,0.15384615384615385,2.3123023165309666,3.2600911584421857,10871.42857142857,313.149821,0.0,41.354941059555486,415.0,3.9567181688367112,3214.285714285714,3457.1428571428573,3514.285714285714,1.4834609999710722,True
