elapsed_s,loopIteration,time,axisP[0],axisP[1],axisP[2],axisI[0],axisI[1],axisI[2],axisD[0],axisD[1],axisF[0],axisF[1],axisF[2],rcCommand[0],rcCommand[1],rcCommand[2],rcCommand[3],setpoint[0],setpoint[1],setpoint[2],setpoint[3],vbatLatest,amperageLatest,baroAlt,rssi,gyroADC[0],gyroADC[1],gyroADC[2],gyroUnfilt[0],gyroUnfilt[1],gyroUnfilt[2],accSmooth[0],accSmooth[1],accSmooth[2],motor[0],motor[1],motor[2],motor[3],eRPM[0],eRPM[1],eRPM[2],eRPM[3]
254.700365,1032636,344702086,-1,0,1,0,-18,-12,-2,-1,0,0,0,1,-1,9,1224,1,-1,5,223,2244,292,-105,550,1,0,4,5,3,4,-22,22,1588,484,517,425,546,665,703,591,765
254.701352,1032640,344703073,-1,0,1,0,-18,-12,-2,0,0,0,0,1,-1,9,1224,1,-1,5,222,2244,292,-105,550,1,-1,4,0,1,5,-36,61,1648,485,516,427,543,656,698,593,741
254.702339,1032644,344704060,-1,0,1,0,-18,-12,-1,1,0,0,0,1,-1,9,1223,1,-1,5,222,2244,292,-105,550,1,-1,4,1,5,5,-46,45,1675,485,511,432,542,668,688,611,767
254.703327,1032648,344705048,-1,0,1,0,-18,-12,0,2,0,0,0,1,-1,9,1223,1,-1,5,222,2214,292,-105,550,1,-1,4,0,-1,5,-41,80,1657,484,506,437,541,670,699,593,750
254.704312,1032652,344706033,-1,1,2,0,-18,-12,-1,3,0,0,0,1,0,11,1223,1,-1,5,222,2214,292,-105,550,1,-1,4,1,-5,5,-17,63,1576,487,507,437,537,662,698,598,756
254.705299,1032656,344707020,-2,1,2,0,-18,-12,-2,2,0,0,0,1,0,11,1223,1,-1,5,222,2214,292,-105,550,2,-1,4,3,-7,2,4,49,1583,487,513,431,535,661,693,596,741
254.706285,1032660,344708006,-2,1,2,0,-18,-12,-2,1,0,0,0,1,0,11,1223,1,-1,5,222,2214,292,-105,550,2,-1,4,2,-3,2,4,49,1583,483,513,431,537,661,688,600,744
254.707272,1032664,344708993,-1,1,2,0,-18,-11,-1,0,0,0,1,1,0,11,1222,1,0,6,221,2214,230,-105,550,1,-1,4,1,0,5,6,11,1607,479,511,432,538,661,699,610,759
254.708259,1032668,344709980,-2,1,2,0,-18,-11,0,-1,0,0,1,1,0,11,1222,1,0,6,221,2214,230,-105,550,2,-1,4,2,7,5,-18,-1,1659,474,514,430,539,670,703,596,746
254.709245,1032672,344710966,-2,1,2,-1,-18,-11,0,-1,0,0,1,1,0,11,1222,1,0,6,220,2214,230,-105,550,2,-1,4,-1,0,7,-41,38,1631,473,515,430,537,661,701,607,767
254.710232,1032676,344711953,-2,1,2,-1,-18,-11,-1,-1,0,0,1,1,0,11,1221,1,0,6,220,2214,230,-105,550,2,-1,4,4,3,5,-64,5,1595,474,514,431,534,668,693,605,733
254.711219,1032680,344712940,-2,1,2,-1,-18,-11,-1,0,0,0,1,1,-1,13,1221,1,0,6,220,2214,230,-105,549,2,-1,4,0,-9,5,-70,9,1605,476,511,434,531,648,683,604,739
254.712205,1032684,344713926,-1,2,2,-1,-18,-11,1,1,0,0,1,1,-1,13,1221,1,0,6,220,2214,230,-105,549,1,-1,5,3,-3,4,-81,-81,1615,473,505,439,531,665,693,600,761
254.713192,1032688,344714913,-1,1,2,-1,-18,-11,1,1,0,0,1,1,-1,13,1220,1,0,6,219,2214,230,-105,549,2,-1,5,0,-7,2,-71,-41,1679,471,506,436,530,661,701,598,741
254.714179,1032692,344715900,-1,1,2,-1,-18,-11,1,1,0,0,1,1,-1,13,1220,1,0,7,218,2214,230,-105,549,1,-1,5,0,4,6,-72,-91,1675,467,503,437,530,656,690,596,743
254.715165,1032696,344716886,-1,1,3,-1,-18,-11,0,1,0,0,1,1,-1,13,1219,1,0,7,218,2214,230,-105,549,1,-1,5,2,2,7,-86,13,1682,468,505,434,525,654,703,604,756
254.716152,1032700,344717873,-2,1,3,-1,-18,-11,0,1,0,-1,1,1,-1,13,1219,1,-1,7,217,2214,230,-113,549,2,-1,5,1,2,7,-102,-44,1653,468,506,432,523,668,693,589,737
254.717152,1032704,344718873,-1,1,2,-1,-18,-11,0,2,0,-1,1,1,-1,13,1219,1,-1,7,217,2214,230,-113,549,1,-1,6,3,-1,7,-92,-6,1658,467,503,433,523,652,703,604,741
254.718125,1032708,344719846,-1,1,2,-1,-18,-11,0,2,0,-1,1,1,-1,16,1218,1,-1,7,217,2214,230,-113,549,1,-2,6,-1,-6,6,-92,-6,1658,467,503,432,523,662,693,607,744
254.719112,1032712,344720833,-1,1,2,-1,-18,-10,0,2,0,-1,2,1,-1,16,1218,1,-1,7,217,2214,230,-113,549,1,-2,6,2,-4,5,-89,-88,1640,466,504,433,523,644,703,609,733
254.720098,1032716,344721819,-1,1,2,-1,-18,-10,0,0,0,-1,2,1,-1,16,1218,1,-1,8,217,2214,230,-113,549,1,-1,6,0,-4,5,-51,-55,1640,463,508,430,524,654,685,596,732
254.721085,1032720,344722806,-1,1,2,-1,-18,-10,0,0,0,-1,2,1,-1,16,1218,1,-1,8,217,2214,230,-113,549,1,-1,6,3,1,8,-28,-37,1612,460,511,429,525,656,698,607,723
254.722072,1032724,344723793,-1,1,2,-1,-18,-10,1,-1,0,-1,3,1,-1,16,1218,1,-1,8,217,2214,230,-113,549,1,-1,7,1,4,7,-31,2,1605,456,512,431,528,661,690,596,728
254.723059,1032728,344724780,-1,0,3,-1,-18,-10,1,-2,0,-1,3,1,-1,16,1218,1,-1,9,217,2220,230,-113,549,1,-1,7,1,2,9,-41,20,1614,451,516,429,530,662,693,602,728
254.724045,1032732,344725766,-1,0,3,-1,-18,-10,1,-2,0,-1,3,1,-1,17,1218,1,-1,9,217,2220,230,-113,548,1,-1,7,1,2,6,-53,8,1647,450,515,431,530,659,683,596,725
254.725032,1032736,344726753,-1,0,3,-1,-18,-10,0,-2,0,-1,3,1,-1,17,1218,1,-1,9,217,2220,230,-113,548,1,-1,7,-2,-6,8,-53,36,1646,453,518,428,529,651,703,605,733
254.726018,1032740,344727739,-1,0,3,-1,-18,-10,0,-1,0,0,2,1,-1,17,1218,1,-1,9,217,2220,230,-113,548,1,-1,7,2,-5,6,-24,13,1627,457,516,429,526,644,698,605,728
254.727005,1032744,344728726,-1,0,3,-1,-18,-10,1,-1,0,0,2,1,-1,17,1218,1,-1,9,217,2220,245,-113,548,1,-1,8,0,-6,9,18,76,1585,456,511,433,529,649,682,596,732
254.727992,1032748,344729713,0,0,2,-1,-18,-10,2,-1,0,0,1,1,-1,17,1218,1,-1,9,217,2220,245,-113,548,1,-1,8,1,0,9,13,66,1594,455,507,434,533,636,694,602,728
254.728978,1032752,344730699,0,0,2,-1,-18,-10,2,0,0,0,1,1,-1,17,1218,1,-1,9,217,2220,245,-113,548,1,-1,8,1,6,10,2,74,1621,458,505,434,533,637,688,591,718
254.730016,1032756,344731737,0,0,2,-1,-18,-10,2,-1,0,0,1,1,-1,17,1218,1,-1,9,217,2220,245,-113,548,1,-1,9,-1,4,8,-22,55,1656,458,504,432,535,638,691,604,728
254.730952,1032760,344732673,0,0,1,-1,-18,-10,1,0,0,0,1,1,-2,18,1218,1,-1,9,217,2220,245,-113,547,1,-1,9,0,3,9,-17,82,1627,463,503,432,533,642,688,605,735
254.731938,1032764,344733659,0,0,1,-1,-18,-10,2,0,0,0,0,1,-2,18,1218,1,-1,10,217,2220,245,-113,547,0,-1,9,0,-6,8,1,88,1581,461,500,434,536,652,709,600,733
254.732925,1032768,344734646,1,0,1,-1,-18,-10,3,0,0,0,0,1,-2,18,1218,1,-1,10,218,2220,245,-113,547,0,-1,9,0,-8,10,24,96,1545,457,498,434,541,637,703,592,723
254.733912,1032772,344735633,0,0,1,-1,-18,-9,3,-1,0,0,0,1,-2,18,1218,1,-1,10,218,2220,245,-113,547,0,-1,9,2,-7,8,37,108,1564,457,500,432,542,644,680,593,728
254.734898,1032776,344736619,1,-1,1,-1,-18,-9,2,-1,0,0,0,1,-2,18,1218,1,-1,10,218,2220,245,-113,547,0,-1,9,-1,2,10,34,60,1594,456,503,429,544,652,694,606,711
254.735885,1032780,344737606,1,0,1,-1,-18,-9,1,0,0,0,0,1,-2,18,1218,1,-1,10,218,2220,245,-113,547,0,-1,9,1,6,9,34,60,1594,462,501,432,538,644,691,600,733
254.736872,1032784,344738593,1,-1,1,-1,-18,-9,2,0,0,0,0,1,-2,18,1218,1,-1,10,218,2220,245,-113,547,0,-1,9,-2,7,8,3,69,1600,459,501,432,540,632,686,600,739
254.737858,1032788,344739579,1,0,1,-1,-18,-9,2,1,0,0,0,1,-1,19,1218,1,-1,10,218,2220,245,-113,547,0,-1,9,1,0,10,-16,28,1576,459,499,436,539,638,683,592,728
254.738845,1032792,344740566,1,0,1,-1,-18,-9,1,0,0,0,0,1,-1,19,1218,1,-1,10,218,2220,245,-113,547,0,-1,9,0,-7,9,-5,67,1525,459,502,433,539,642,686,601,733
254.739832,1032796,344741553,1,-1,1,-1,-18,-9,1,0,0,0,0,1,-1,19,1218,1,-1,10,218,2220,245,-113,547,0,-1,9,-1,-10,11,15,81,1516,457,504,433,539,637,701,601,728
254.740818,1032800,344742539,1,0,2,-1,-18,-9,1,1,0,0,0,1,-1,19,1218,1,-1,11,218,2220,245,-113,547,0,-1,9,1,-4,7,51,85,1497,461,502,436,534,634,690,601,718
254.741805,1032804,344743526,1,0,2,-1,-18,-9,0,1,0,0,0,1,-1,19,1218,1,-1,11,218,2220,245,-113,547,0,-1,9,-3,0,9,44,88,1532,461,503,436,533,638,685,595,739
254.742792,1032808,344744513,1,0,2,-1,-18,-9,1,1,0,0,1,1,-1,19,1218,1,-1,11,218,2220,245,-113,547,0,-1,9,2,9,7,4,33,1512,460,501,439,532,629,680,589,730
254.743785,1032812,344745506,1,0,2,-1,-18,-9,1,1,0,0,1,1,-1,19,1218,1,-1,11,218,2236,245,-113,547,0,-1,9,-3,1,10,-26,53,1546,460,502,440,532,625,688,605,737
254.744765,1032816,344746486,1,1,2,-1,-18,-9,1,2,0,0,1,1,-1,19,1218,1,-1,11,218,2236,245,-113,546,0,-1,9,3,2,10,-40,13,1522,462,498,445,529,633,699,596,739
254.745795,1032820,344747516,1,1,2,-1,-18,-9,0,2,0,0,1,1,-1,19,1218,1,-1,11,218,2236,245,-113,546,0,-2,9,-2,-11,12,-21,78,1554,466,500,444,525,640,679,598,721
254.746738,1032824,344748459,1,1,3,-1,-18,-9,0,2,0,0,0,1,-1,19,1218,1,-1,11,218,2236,105,-113,546,0,-1,9,1,-8,10,20,-5,1529,465,500,444,525,638,682,594,719
254.747725,1032828,344749446,1,1,3,-1,-18,-9,-1,2,0,0,0,1,-1,19,1218,1,-1,11,218,2236,105,-113,546,0,-2,9,-2,-6,9,40,57,1547,467,501,444,522,622,680,598,733
254.748712,1032832,344750433,1,1,2,-1,-18,-9,-1,2,0,0,0,1,-1,19,1218,1,-1,11,218,2236,105,-113,546,0,-2,9,-1,2,8,10,-20,1532,466,504,441,524,638,686,601,725
254.749698,1032836,344751419,1,1,2,-1,-18,-8,-1,1,0,0,0,1,-1,19,1218,1,-1,11,218,2236,105,-113,546,0,-2,10,1,7,9,-34,43,1565,464,504,440,526,630,688,596,719
254.750685,1032840,344752406,1,1,2,-1,-18,-8,-1,0,0,0,0,0,0,19,1218,1,-1,11,218,2236,105,-113,546,0,-1,10,0,3,11,-34,43,1565,463,509,435,528,630,693,599,714
254.751671,1032844,344753392,1,1,2,-1,-18,-8,-1,0,0,0,0,0,0,19,1218,1,-1,11,218,2236,105,-113,546,0,-2,10,1,-2,13,-66,-2,1568,465,505,438,527,632,690,605,732
254.752658,1032848,344754379,1,2,2,-1,-18,-8,-1,2,0,0,0,0,0,19,1218,0,-1,11,218,2236,105,-113,546,0,-2,10,0,-9,11,-44,32,1562,470,500,442,523,630,690,605,716
254.753645,1032852,344755366,0,2,2,-1,-18,-8,-1,2,0,0,0,0,0,19,1218,0,0,11,218,2236,105,-113,546,0,-2,10,0,-9,11,-20,-18,1525,472,500,442,521,640,686,604,714
254.754632,1032856,344756353,0,3,2,-1,-18,-8,-1,2,0,0,0,0,0,19,1218,0,0,11,218,2236,105,-113,546,0,-2,10,0,-4,8,-7,-22,1496,474,498,443,520,638,685,596,716
254.755618,1032860,344757339,0,3,1,-1,-18,-8,-1,1,0,0,0,0,0,19,1218,0,0,11,218,2236,105,-113,546,0,-2,10,-1,0,9,-30,-43,1513,473,501,439,521,628,693,600,711
254.756606,1032864,344758327,0,3,1,-1,-18,-8,0,2,0,0,0,0,0,19,1218,0,0,11,218,2236,105,-113,546,0,-2,10,4,8,9,-57,-46,1557,473,497,443,521,625,683,593,721
254.757591,1032868,344759312,0,4,1,-1,-18,-8,0,3,0,0,0,0,0,18,1218,0,0,11,218,2236,105,-113,545,0,-3,10,-3,0,14,-78,-4,1592,477,494,446,518,634,693,596,728
254.758578,1032872,344760299,0,4,1,-1,-18,-8,0,3,0,0,0,0,0,18,1218,0,0,11,218,2236,105,-113,545,0,-3,10,2,-3,11,-72,-54,1575,479,492,447,517,630,682,593,725
254.759565,1032876,344761286,0,4,1,-1,-18,-8,1,3,0,0,0,0,0,18,1218,0,0,11,218,2236,105,-113,545,0,-3,10,-2,-10,13,-39,-12,1519,477,488,451,519,630,686,599,716
254.760551,1032880,344762272,0,4,1,-1,-18,-8,1,3,0,0,0,0,0,18,1218,0,0,11,218,2236,105,-113,545,0,-3,11,2,-9,9,-27,-55,1471,477,488,449,520,648,679,605,714
254.761538,1032884,344763259,0,4,0,-1,-17,-8,1,1,0,0,0,0,0,18,1218,0,0,11,218,2236,105,-113,545,0,-3,11,-1,-3,10,-25,-17,1471,474,490,446,525,641,683,595,718
254.762525,1032888,344764246,0,4,0,-1,-17,-8,0,1,0,0,0,0,0,18,1218,0,0,10,218,2236,105,-113,545,0,-3,11,2,0,7,-47,-25,1520,475,492,443,525,626,682,600,709
254.763511,1032892,344765232,0,4,0,-1,-17,-8,0,0,0,0,0,0,0,18,1218,0,0,10,218,2191,105,-113,545,0,-3,11,1,6,12,-56,7,1536,476,494,440,525,637,683,599,721
254.764498,1032896,344766219,0,4,0,-1,-17,-8,0,0,0,0,0,0,1,16,1218,0,0,10,218,2191,105,-113,545,0,-3,11,-1,-1,10,-68,3,1518,476,492,442,525,637,690,602,703
254.765485,1032900,344767206,0,5,0,-1,-17,-8,-1,1,0,0,0,0,1,16,1218,0,0,10,218,2191,105,-113,545,0,-3,10,2,-4,12,-54,22,1460,482,494,439,520,630,679,601,718
254.766471,1032904,344768192,0,5,0,-1,-17,-8,-1,1,0,0,0,0,1,16,1218,0,0,10,218,2191,105,-121,545,0,-3,10,1,-9,10,-52,35,1445,482,493,439,521,644,674,609,721
254.767458,1032908,344769179,0,5,0,-1,-17,-8,-1,0,0,0,-1,0,1,16,1218,0,0,10,218,2191,327,-121,545,0,-3,10,1,-6,10,-42,68,1474,483,494,438,521,633,686,601,718
254.768445,1032912,344770166,0,5,0,-1,-17,-8,0,0,0,0,-1,0,1,16,1218,0,0,10,218,2191,327,-121,545,0,-3,10,0,-3,8,-42,68,1474,480,492,439,525,644,668,600,718
254.769431,1032916,344771152,0,4,0,-1,-17,-8,0,-1,0,0,-1,0,1,16,1218,0,0,9,218,2191,327,-121,545,0,-2,10,-1,2,8,-29,64,1527,476,492,438,529,642,680,596,708
254.770427,1032920,344772148,0,4,0,-1,-17,-8,0,-3,0,0,-1,0,1,16,1218,0,0,9,218,2191,327,-121,545,0,-2,10,0,3,9,-19,80,1546,474,496,433,532,644,688,609,718
254.771405,1032924,344773126,0,4,0,-1,-17,-8,1,-3,0,0,-1,1,1,12,1218,0,0,9,218,2191,327,-121,544,0,-2,10,-1,2,11,-40,68,1505,469,495,433,538,640,682,600,703
254.772392,1032928,344774113,0,4,-1,-1,-17,-8,1,-4,0,0,-2,1,1,12,1218,0,1,9,218,2191,327,-121,544,0,-2,9,1,-5,9,-39,77,1469,471,496,429,539,654,677,613,703
254.773378,1032932,344775099,0,3,-1,-1,-17,-8,1,-4,0,0,-3,1,1,12,1218,0,1,8,218,2191,327,-121,544,0,-2,9,2,-2,10,-53,64,1460,472,492,428,543,640,665,601,714
254.774365,1032936,344776086,1,4,-1,-1,-17,-8,1,-3,0,0,-4,1,1,12,1218,0,1,8,218,2191,327,-121,544,0,-2,9,-1,-7,9,-41,129,1479,477,486,429,543,633,679,601,718
254.775351,1032940,344777072,1,3,-2,-1,-17,-8,0,-3,0,0,-4,1,1,12,1218,0,1,8,218,2191,327,-121,544,0,-1,9,1,2,7,-31,91,1488,480,486,424,545,637,686,612,718
254.776338,1032944,344778059,1,3,-2,-1,-17,-8,0,-3,0,0,-5,1,1,12,1218,0,1,7,218,2191,327,-121,544,0,-1,9,-2,-1,5,-14,120,1483,480,487,420,549,638,670,609,708
254.777324,1032948,344779045,1,3,-2,-1,-17,-8,0,-4,0,0,-5,0,3,8,1218,0,1,7,218,2191,327,-121,544,0,-1,8,0,7,8,-28,62,1432,478,487,417,552,652,668,598,718
254.778311,1032952,344780032,1,2,-2,-1,-17,-9,0,-5,0,0,-6,0,3,8,1218,0,1,7,218,2191,327,-121,544,0,-1,8,0,-1,7,-30,78,1407,477,488,415,554,644,683,605,723
254.779298,1032956,344781019,1,2,-2,0,-17,-9,1,-4,0,0,-6,0,3,8,1218,0,1,6,218,2191,327,-121,544,0,-1,8,0,1,8,-42,36,1403,478,484,418,553,638,670,593,726
254.780284,1032960,344782005,1,2,-2,0,-16,-9,0,-4,0,0,-6,0,3,8,1218,0,1,6,217,2191,327,-121,544,0,0,7,3,-4,6,-48,85,1448,480,485,415,551,644,683,591,718
254.781271,1032964,344782992,1,2,-2,0,-16,-9,0,-4,0,0,-6,0,3,8,1217,0,1,6,217,2191,327,-121,544,0,0,7,-4,0,7,-27,56,1444,478,486,413,552,644,683,593,708
254.782258,1032968,344783979,1,2,-2,0,-16,-9,0,-3,0,0,-6,0,3,8,1217,0,2,5,217,2191,327,-121,544,0,0,7,2,-2,2,-7,53,1440,481,483,415,548,644,679,593,725
254.783247,1032972,344784968,1,2,-2,0,-16,-9,0,-3,0,0,-6,0,3,8,1217,0,2,5,217,2251,327,-121,544,0,0,6,-4,2,5,7,8,1422,481,480,417,547,644,674,586,732
254.784231,1032976,344785952,1,3,-2,0,-16,-9,1,-1,0,1,-6,0,3,4,1217,0,2,5,217,2251,327,-121,543,0,0,6,3,2,5,7,8,1422,485,474,424,544,655,670,591,737
254.785218,1032980,344786939,0,3,-2,0,-16,-9,0,-1,0,1,-5,0,3,4,1217,0,2,5,217,2251,327,-121,543,0,0,5,-2,3,6,-11,9,1456,486,476,422,540,645,670,596,723
254.786204,1032984,344787925,0,2,-1,0,-16,-9,0,-2,0,1,-5,0,3,4,1217,0,2,4,216,2251,327,-121,543,0,0,5,3,-1,4,-16,-8,1494,483,480,417,540,638,673,596,718
254.787191,1032988,344788912,1,2,-1,0,-16,-9,0,-2,0,1,-5,0,3,4,1216,0,2,4,216,2251,215,-121,543,0,0,5,-3,2,4,-16,-2,1527,478,480,416,542,647,673,586,719
254.788178,1032992,344789899,1,2,-1,0,-16,-9,1,-2,0,1,-5,0,3,4,1216,0,2,3,215,2251,215,-121,543,-1,0,4,0,-6,4,-12,-12,1513,474,476,419,544,644,682,593,708
254.789164,1032996,344790885,1,2,-2,0,-16,-9,2,-2,0,1,-5,0,3,4,1216,0,2,3,215,2251,215,-121,543,-1,0,4,-2,2,1,-6,-34,1488,473,472,422,544,641,671,586,744
254.790151,1033000,344791872,1,2,-2,0,-16,-9,1,-2,0,0,-5,0,3,4,1215,0,2,3,215,2251,215,-121,543,0,0,4,2,-3,3,15,-38,1470,475,474,419,540,644,676,586,725
254.791138,1033004,344792859,1,2,-1,0,-16,-9,0,-2,0,0,-4,0,3,1,1215,0,2,3,214,2251,215,-121,543,0,1,3,-1,6,2,17,-40,1477,475,476,417,539,652,674,586,725
254.792124,1033008,344793845,1,2,-1,0,-16,-9,0,0,0,0,-4,0,3,1,1215,0,2,2,214,2251,215,-121,543,0,0,3,1,-1,4,11,-24,1512,477,472,420,532,648,656,598,728
254.793111,1033012,344794832,1,2,-1,0,-16,-9,0,0,0,0,-4,0,3,1,1214,0,2,2,213,2251,215,-121,543,0,0,3,-2,5,2,6,-34,1518,474,469,419,530,640,662,584,741
254.794098,1033016,344795819,1,2,-1,0,-16,-9,0,-1,0,0,-4,0,3,1,1213,0,2,2,211,2251,215,-121,543,-1,1,3,1,-1,4,-2,2,1493,468,470,414,530,644,671,581,725
254.795084,1033020,344796805,1,1,-1,0,-16,-9,0,-3,0,0,-3,0,3,1,1212,0,2,1,210,2251,215,-121,543,0,1,2,-4,-1,1,3,3,1452,462,475,405,531,644,661,586,723
254.796071,1033024,344797792,0,1,-1,0,-16,-9,-1,-3,0,0,-3,0,3,1,1211,0,2,1,209,2251,215,-121,543,0,1,2,3,-2,1,17,11,1460,461,475,402,528,651,661,588,728
254.797058,1033028,344798779,1,2,-1,0,-16,-10,0,-1,0,0,-3,0,3,1,1211,0,2,1,209,2251,215,-121,543,0,1,2,-2,-1,0,12,-5,1489,462,469,407,526,659,665,592,728
254.798044,1033032,344799765,1,2,-1,0,-16,-10,-1,0,0,0,-3,0,3,1,1211,0,2,1,209,2251,215,-121,542,0,1,2,2,3,3,-9,-10,1516,465,466,408,521,655,673,588,718
254.799031,1033036,344800752,0,1,-2,0,-16,-10,-1,0,0,0,-3,0,3,1,1210,0,2,1,208,2251,215,-121,542,0,1,2,-2,4,1,-16,2,1545,463,468,406,522,638,656,579,732
254.800018,1033040,344801739,1,1,-1,0,-16,-10,-1,-1,0,0,-2,0,3,1,1210,0,2,1,208,2251,215,-121,542,0,1,2,-1,4,4,-16,2,1545,460,470,405,523,652,662,586,728
254.801004,1033044,344802725,0,1,-1,0,-16,-10,-1,-2,0,0,-2,0,3,1,1210,0,2,1,208,2251,215,-121,542,0,1,2,-1,1,2,-33,33,1530,458,473,403,525,642,648,579,719
254.801991,1033048,344803712,1,1,-1,0,-16,-10,0,-2,0,0,-2,0,3,1,1210,0,2,1,208,2251,215,-121,542,0,1,2,0,-1,2,-48,62,1509,458,472,404,524,644,667,587,728
254.802977,1033052,344804698,0,1,-1,0,-16,-10,-1,-2,0,0,-2,0,3,1,1210,0,2,1,209,2251,215,-121,542,0,1,2,0,-2,2,-34,55,1484,458,476,402,524,644,644,575,718
254.803964,1033056,344805685,0,0,-1,0,-16,-10,-1,-2,0,0,-2,1,3,-1,1210,0,2,1,209,2228,215,-121,542,0,2,2,1,1,-1,-30,48,1498,457,475,403,525,642,665,579,730
254.804951,1033060,344806672,0,1,-1,0,-16,-10,-1,-1,0,0,-2,1,3,-1,1210,0,2,1,208,2228,215,-121,542,0,1,1,-1,0,2,-24,41,1503,458,473,404,521,638,644,579,713
254.805938,1033064,344807659,0,0,-1,0,-16,-10,-1,-1,0,0,-1,1,3,-1,1209,0,2,0,207,2228,215,-121,542,0,2,1,1,9,1,-42,23,1514,456,472,400,516,648,658,579,714
254.806968,1033068,344808689,0,0,-1,0,-16,-10,-1,-1,0,0,-1,1,3,-1,1207,0,2,0,205,2228,240,-121,542,0,2,1,-2,2,2,-55,63,1499,450,468,399,516,638,665,573,730
254.807911,1033072,344809632,0,0,-1,0,-16,-10,-1,-2,0,0,-1,1,3,-1,1206,0,2,0,204,2228,240,-121,542,0,2,1,0,5,2,-83,51,1489,446,468,393,513,648,662,577,721
254.808898,1033076,344810619,0,0,-1,0,-16,-10,0,-3,0,0,-1,1,3,-1,1205,0,2,0,202,2228,240,-121,542,0,2,1,2,-2,1,-59,68,1485,439,467,389,516,637,661,577,713
254.809884,1033080,344811605,1,0,-1,0,-16,-10,0,-2,0,0,-1,1,3,-1,1205,0,2,0,202,2228,240,-121,542,0,2,1,-4,-3,3,-49,46,1501,439,462,391,513,637,658,570,713
254.810871,1033084,344812592,1,0,-2,0,-16,-10,0,-2,0,0,-1,1,3,-1,1204,0,2,0,201,2228,240,-121,542,0,2,1,4,1,-3,-21,47,1487,437,459,391,513,633,661,573,718
254.811858,1033088,344813579,1,0,-2,0,-16,-10,1,-1,0,0,-1,1,3,-1,1203,0,2,0,201,2228,240,-121,542,0,2,1,-5,0,1,-29,58,1511,438,453,394,511,638,658,564,706
254.812844,1033092,344814565,1,0,-2,0,-16,-10,1,0,0,0,-1,1,3,-1,1203,1,2,0,200,2228,240,-121,542,0,2,1,4,9,0,-52,77,1490,436,449,395,510,637,659,568,713
254.813831,1033096,344815552,1,0,-2,0,-16,-10,1,1,0,0,-1,1,3,-1,1202,1,2,0,199,2228,240,-121,542,0,2,1,-4,2,3,-57,136,1521,438,447,394,506,628,640,566,698
254.814817,1033100,344816538,1,0,-2,0,-16,-10,1,1,0,0,-1,1,3,-1,1202,1,2,0,199,2228,240,-121,542,0,2,1,4,5,1,-74,66,1491,438,444,394,503,630,642,564,716
254.815804,1033104,344817525,1,0,-2,0,-16,-11,0,1,0,0,-1,1,3,-1,1201,1,2,0,198,2228,240,-121,542,0,2,1,-1,0,3,-60,128,1500,438,448,388,502,629,652,570,719
254.816791,1033108,344818512,1,0,-2,0,-16,-11,-1,0,0,0,-1,1,3,-1,1201,1,2,0,198,2228,240,-121,542,0,2,1,0,-2,-1,-59,31,1447,437,451,384,503,630,651,566,706
254.817777,1033112,344819498,1,0,-2,0,-16,-11,-1,-1,0,0,0,1,1,-1,1200,1,2,0,198,2228,240,-121,541,0,2,1,0,-1,1,-59,31,1447,436,453,381,503,625,645,564,704
254.818764,1033116,344820485,1,-1,-2,0,-16,-11,-1,-1,0,0,0,1,1,-1,1200,1,2,0,198,2228,240,-121,541,0,2,1,-1,1,-2,-27,98,1464,435,452,382,504,621,637,568,704
254.819751,1033120,344821472,1,0,-2,0,-16,-11,0,1,0,0,0,1,1,-1,1200,1,2,0,198,2228,240,-121,541,0,2,1,0,6,4,-32,55,1461,439,445,389,501,620,648,556,701
254.820737,1033124,344822458,0,0,-2,0,-16,-11,-1,1,0,0,0,1,1,-1,1200,1,1,0,198,2228,240,-121,541,0,2,1,1,4,-1,-19,94,1494,441,447,387,499,628,652,564,713
254.821724,1033128,344823445,1,-1,-2,0,-16,-11,0,2,0,0,0,1,1,-1,1200,1,1,0,198,2228,240,-121,541,0,2,1,0,5,2,-34,55,1497,440,447,389,500,616,638,560,706
254.822711,1033132,344824432,0,0,-2,0,-16,-11,-1,1,0,0,0,1,1,-1,1200,1,1,0,198,2228,240,-121,541,0,1,0,1,0,0,-27,34,1482,441,450,388,498,626,644,560,706
254.823697,1033136,344825418,0,-1,-1,0,-16,-11,-1,1,0,0,0,1,1,-1,1200,1,1,0,198,2232,240,-121,541,0,2,0,1,-1,-1,-40,-3,1454,440,452,387,499,619,638,547,688
254.824684,1033140,344826405,0,-1,-1,0,-16,-11,-1,1,0,0,0,1,3,-1,1200,1,1,0,198,2232,240,-121,541,0,1,0,0,-4,0,-25,-1,1421,440,453,387,499,622,630,554,688
254.825671,1033144,344827392,0,-1,-1,0,-16,-11,-2,-1,0,0,0,1,3,-1,1199,1,1,0,198,2232,240,-121,541,1,2,0,3,3,-1,-19,-7,1429,438,459,379,498,626,629,554,691
254.826657,1033148,344828378,0,0,-1,0,-16,-11,-1,0,0,0,0,1,3,-1,1199,1,1,0,197,2232,240,-121,541,1,2,0,-2,0,1,-9,33,1440,437,453,382,496,625,634,560,693
254.827644,1033152,344829365,0,0,-1,0,-16,-11,-1,0,0,0,0,1,3,-1,1198,1,1,0,197,2232,115,-121,541,1,1,0,2,9,1,-29,6,1442,438,449,384,493,622,638,551,701
254.828631,1033156,344830352,0,1,-1,0,-16,-11,0,2,0,1,0,1,3,-1,1198,1,2,0,196,2232,115,-121,541,1,1,0,0,2,-1,-12,28,1431,441,440,391,489,625,629,554,704
254.829618,1033160,344831339,0,1,-1,0,-16,-11,0,3,0,1,0,1,3,-1,1198,1,2,0,196,2232,115,-121,541,0,1,0,0,3,3,-36,-20,1403,441,437,392,488,616,634,551,693
254.830604,1033164,344832325,0,1,-1,0,-16,-11,0,1,0,1,0,1,3,-1,1197,1,2,0,196,2232,115,-121,540,1,1,0,5,-1,-3,-27,-2,1363,437,442,387,490,613,637,558,685
254.831591,1033168,344833312,0,1,-1,0,-16,-11,0,0,0,1,0,1,3,-1,1197,1,2,0,196,2232,115,-121,540,1,1,0,-2,-3,3,-35,10,1375,434,443,385,493,615,634,551,691
254.832578,1033172,344834299,0,0,-1,0,-16,-11,-1,-2,0,1,0,1,3,-1,1197,1,2,0,196,2232,115,-121,540,1,2,0,6,3,-1,-24,22,1361,433,451,377,495,615,638,549,688
254.833564,1033176,344835285,0,0,-1,0,-16,-11,-1,-2,0,1,0,1,3,-1,1197,1,2,0,196,2232,115,-121,540,1,2,1,-4,1,2,-16,44,1379,433,453,375,496,611,634,547,688
254.834551,1033180,344836272,-1,0,-1,0,-16,-11,-2,-2,0,1,0,1,3,-1,1197,1,2,0,196,2232,115,-121,540,1,2,1,4,7,-1,-27,-18,1341,436,453,374,494,607,626,545,694
254.835537,1033184,344837258,-1,0,-1,0,-16,-11,-1,-2,0,1,0,1,3,-1,1197,1,2,0,196,2232,115,-121,540,1,2,1,-1,5,1,-19,40,1346,435,452,375,495,606,628,542,679
254.836524,1033188,344838245,-1,0,-1,0,-16,-12,-1,-1,0,1,0,1,3,-1,1197,1,2,0,196,2232,115,-121,540,1,2,0,1,2,-1,-40,-27,1302,436,449,379,494,604,630,551,698
254.837554,1033192,344839275,-1,0,-1,0,-16,-12,0,-1,0,1,0,1,1,-1,1197,1,2,0,196,2232,115,-121,540,1,2,0,3,1,2,-40,-27,1302,436,448,380,494,606,630,547,688
254.838497,1033196,344840218,0,-1,-1,0,-16,-12,0,-1,0,1,0,1,1,-1,1197,1,2,0,196,2232,115,-121,540,1,2,0,0,-1,-1,-31,52,1307,431,448,380,500,607,625,542,694
254.839484,1033200,344841205,-1,-1,-1,0,-16,-12,0,-1,0,0,0,1,1,-1,1197,1,2,0,196,2232,115,-121,540,1,2,0,2,1,3,-39,2,1306,431,450,379,499,604,632,543,685
254.840471,1033204,344842192,-1,-1,-1,0,-16,-12,0,-2,0,0,0,1,1,-1,1197,1,1,0,196,2232,115,-121,540,1,2,0,-1,4,-1,-25,54,1313,428,453,376,503,601,620,542,683
254.841457,1033208,344843178,-1,-1,-1,0,-16,-12,0,-1,0,0,0,1,1,-1,1197,1,1,0,196,2232,115,-121,540,1,2,0,1,1,-1,-6,10,1317,432,453,377,499,599,620,547,688
254.842444,1033212,344844165,0,-1,-1,0,-16,-12,0,0,0,0,0,1,1,-1,1197,1,1,0,196,2232,115,-121,540,1,2,0,0,8,0,-5,16,1323,432,450,380,500,600,619,545,683
254.843431,1033216,344845152,-1,-1,-1,0,-16,-12,0,1,0,0,0,1,1,-1,1197,1,1,0,196,2214,115,-121,540,1,2,0,3,2,-1,-31,-14,1329,435,449,381,497,605,630,540,685
254.844418,1033220,344846139,-1,-2,-1,0,-16,-12,0,0,0,0,0,1,3,-1,1197,1,1,0,196,2214,115,-121,540,1,2,0,-2,0,0,-25,7,1336,432,452,379,500,595,632,543,688
254.845404,1033224,344847125,0,-2,-1,0,-16,-12,0,0,0,0,0,1,3,-1,1197,1,1,0,196,2214,115,-121,540,1,2,0,4,3,1,-36,-1,1329,433,453,379,499,594,619,534,691
254.846391,1033228,344848112,-1,-1,-1,0,-16,-12,-1,-1,0,0,0,1,3,-1,1197,1,1,0,197,2214,115,-121,540,1,2,0,-1,-2,0,-17,46,1335,433,455,378,498,595,620,540,682
254.847377,1033232,344849098,0,-2,-1,0,-16,-12,0,-1,0,0,0,1,3,-1,1197,1,1,0,197,2214,180,-121,540,1,2,0,0,5,3,-27,-3,1306,429,453,379,502,611,626,543,699
254.848364,1033236,344850085,-1,-1,-1,0,-16,-12,0,-1,0,1,0,1,3,-1,1197,1,1,0,197,2214,180,-121,540,1,2,0,3,4,-3,3,22,1306,431,454,378,500,596,621,532,688
254.84935,1033240,344851071,-1,-1,-1,0,-16,-12,0,-2,0,1,0,1,3,-1,1197,1,2,0,197,2214,180,-121,540,1,2,0,-1,1,0,-18,-15,1307,429,455,378,503,604,621,534,682
254.850338,1033244,344852059,-1,-1,-1,0,-16,-12,-1,-1,0,1,0,1,3,-1,1197,1,2,0,197,2214,180,-121,540,1,2,0,4,8,-1,-26,-26,1285,435,453,379,497,604,628,538,685
254.851324,1033248,344853045,-1,-1,-1,0,-16,-12,-1,0,0,1,0,1,3,-1,1197,1,2,0,197,2214,180,-121,539,1,2,0,0,-2,-2,-25,-11,1292,440,453,379,492,593,634,540,691
254.85231,1033252,344854031,-1,-1,-1,0,-16,-12,-2,0,0,1,0,1,3,-1,1197,1,2,0,197,2214,180,-121,539,1,2,0,2,4,2,-25,-11,1292,439,454,378,493,599,626,528,691
254.853298,1033256,344855019,-1,-1,0,0,-16,-12,-2,-1,0,1,0,1,3,-1,1197,1,2,0,197,2214,180,-121,539,1,3,0,2,0,1,-21,-32,1272,437,457,376,495,601,626,542,693
254.854284,1033260,344856005,-1,-2,0,0,-16,-12,0,-2,0,1,0,1,3,-1,1197,1,2,0,197,2214,180,-121,539,1,3,0,-1,4,1,-27,44,1280,431,458,375,501,604,615,536,677
254.855271,1033264,344856992,-1,-1,0,0,-16,-12,0,-2,0,1,0,1,3,-1,1197,1,2,0,197,2214,180,-121,539,1,3,0,3,2,2,-28,-20,1260,429,457,376,503,600,615,534,693
254.856257,1033268,344857978,-1,-2,-1,0,-16,-12,0,-2,0,1,0,1,3,-1,1197,1,2,0,197,2214,180,-121,539,1,3,0,0,7,-3,-27,29,1280,430,455,378,503,609,626,530,683
254.857244,1033272,344858965,-1,-1,-1,0,-16,-12,0,-1,0,1,0,1,3,-1,1197,1,2,0,197,2214,180,-121,539,1,3,0,2,0,0,-19,-27,1280,434,456,376,500,600,633,536,680
254.858231,1033276,344859952,-1,-1,-1,0,-16,-12,0,-1,0,1,0,1,3,-1,1197,1,2,0,197,2214,180,-121,539,1,3,0,0,5,-1,-21,-9,1305,435,454,377,500,598,624,536,682
254.859217,1033280,344860938,0,-1,-1,0,-16,-12,1,0,0,0,0,1,3,-1,1197,1,2,-1,197,2214,180,-121,539,1,3,0,2,1,0,-19,10,1289,433,450,381,502,588,619,530,676
254.860204,1033284,344861925,0,-2,-1,0,-16,-12,1,-1,0,0,0,1,3,-1,1197,1,2,-1,197,2214,180,-121,539,1,3,0,-1,3,3,-6,26,1301,429,452,379,507,601,622,536,701
254.86119,1033288,344862911,0,-2,-1,0,-16,-12,2,-1,0,0,0,1,3,-1,1197,1,2,-1,197,2214,180,-121,539,1,3,0,3,6,0,-32,71,1273,427,451,378,509,600,629,536,679
254.862177,1033292,344863898,-1,-2,-1,0,-16,-12,1,-3,0,0,0,1,3,-1,1197,1,2,-1,197,2214,180,-121,539,1,3,0,-1,1,2,-42,67,1289,427,458,372,510,598,630,530,673
254.863164,1033296,344864885,0,-2,-1,0,-16,-12,1,-3,0,0,0,1,3,-1,1197,1,2,-1,197,2214,180,-121,539,1,3,0,2,5,-2,-45,75,1268,425,456,373,512,600,629,534,690
254.86415,1033300,344865871,0,-2,-1,0,-16,-12,2,-1,0,0,0,1,1,-1,1197,1,2,-1,197,2216,180,-121,539,0,3,0,-3,3,-1,-37,83,1273,425,450,379,512,595,632,536,688
254.865137,1033304,344866858,0,-2,-1,0,-17,-12,3,-1,0,0,0,1,1,-1,1197,1,2,-1,197,2216,180,-121,539,0,3,0,0,-2,-2,-33,98,1269,424,447,382,514,600,632,538,679
254.866124,1033308,344867845,1,-2,-1,0,-17,-12,4,1,0,0,0,1,1,-1,1197,1,2,-1,197,2216,180,-121,539,0,3,0,-2,6,2,-26,114,1265,423,439,388,514,602,626,528,686
254.86711,1033312,344868831,1,-2,-1,0,-17,-12,3,2,0,0,0,1,1,-1,1197,1,1,-1,196,2216,300,-138,539,0,3,0,1,1,-1,-14,143,1265,429,439,386,508,600,628,530,674
254.86814,1033316,344869861,1,-2,-2,0,-17,-13,3,2,0,0,0,1,1,-1,1196,1,1,-1,196,2216,300,-138,539,0,3,0,-2,6,4,-14,143,1265,427,438,386,509,591,621,534,691
254.869084,1033320,344870805,2,-2,-1,0,-17,-13,3,2,0,0,0,1,1,-1,1196,1,1,-1,196,2216,300,-138,539,-1,3,0,1,5,0,-11,137,1258,425,439,385,511,595,626,534,686
254.87007,1033324,344871791,2,-3,-2,0,-17,-13,4,0,0,0,0,1,1,-1,1196,1,1,-1,196,2216,300,-138,539,-1,3,0,-3,2,1,-21,131,1280,417,440,382,518,592,633,530,693
254.871057,1033328,344872778,2,-3,-1,0,-17,-13,3,-1,0,0,0,1,3,-1,1196,1,1,-1,196,2216,300,-138,538,-1,3,0,0,1,-2,-15,125,1260,416,441,380,518,584,620,530,694
254.872044,1033332,344873765,2,-3,-1,0,-17,-13,2,0,0,0,0,1,3,-1,1195,1,1,-1,195,2216,300,-138,538,-1,3,0,-1,0,-3,-11,108,1273,419,439,379,512,600,630,536,683
254.87303,1033336,344874751,2,-2,-1,0,-17,-13,1,1,0,0,0,1,3,-1,1194,1,1,-1,193,2216,300,-138,538,-1,2,0,-2,-1,0,8,118,1258,421,435,377,503,586,626,532,688
254.874017,1033340,344875738,2,-1,-1,0,-17,-13,1,3,0,0,0,1,3,-1,1193,1,1,-1,191,2216,300,-138,538,-1,2,0,0,3,0,-2,120,1258,422,427,380,494,595,622,526,698
254.875003,1033344,344876724,3,-1,-1,0,-17,-13,2,4,0,0,0,1,3,-1,1192,1,1,-1,190,2216,300,-138,538,-1,2,0,-2,5,1,8,118,1278,419,418,384,490,594,622,532,698
254.87599,1033348,344877711,3,0,-1,0,-17,-13,1,4,0,1,0,1,3,-1,1191,1,2,-1,189,2216,300,-138,538,-1,2,0,-1,4,2,-14,87,1302,418,416,382,486,587,619,536,691
254.876977,1033352,344878698,3,0,0,0,-17,-13,1,3,0,1,0,1,3,-1,1190,1,2,0,188,2216,300,-138,538,-1,2,-1,1,7,-5,-14,87,1302,416,418,378,484,591,622,530,677
254.877963,1033356,344879684,2,0,0,0,-17,-13,-1,2,0,1,0,1,1,-1,1189,1,2,0,186,2216,300,-138,538,-1,2,-1,-2,-4,1,-13,51,1322,413,421,369,479,600,610,532,685
254.87895,1033360,344880671,3,-1,0,0,-17,-13,0,0,0,1,0,1,1,-1,1186,1,2,0,183,2216,300,-138,538,-1,2,-1,-1,1,-4,-5,34,1300,399,418,359,477,584,606,532,690
254.879937,1033364,344881658,3,0,0,0,-17,-13,0,1,0,0,0,1,1,-1,1183,1,1,0,178,2216,300,-138,538,-1,2,-1,-1,-6,0,11,41,1302,393,406,354,465,594,617,534,685
254.880924,1033368,344882645,2,0,0,0,-17,-13,0,2,0,0,0,1,1,-1,1180,1,1,0,174,2216,300,-138,538,-1,2,-1,0,2,-1,32,51,1307,386,399,345,455,595,619,530,683
254.88191,1033372,344883631,2,0,1,0,-17,-13,-1,3,0,0,0,1,1,-1,1177,1,1,0,171,2216,300,-138,538,-1,1,-1,1,4,1,30,60,1327,384,392,338,443,579,609,519,682
254.882897,1033376,344884618,1,0,1,0,-17,-13,-2,3,0,0,0,1,1,-1,1175,1,1,0,168,2216,300,-138,538,0,1,-1,-1,7,-1,29,41,1340,381,393,329,436,579,609,519,673
254.883883,1033380,344885604,2,-1,1,0,-17,-13,-2,1,0,-1,0,1,1,-1,1174,1,1,0,167,2221,300,-138,538,0,1,-1,0,3,-2,29,41,1340,371,392,324,439,589,611,519,685
254.88487,1033384,344886591,2,-1,1,0,-17,-13,-1,1,0,-1,0,1,1,3,1171,1,1,0,164,2221,300,-138,538,0,1,-1,-2,2,-2,10,18,1352,362,386,319,435,584,596,523,673
254.885857,1033388,344887578,1,-1,1,0,-17,-13,-1,1,0,-1,0,1,1,3,1167,1,1,0,157,2221,300,-138,538,0,1,-1,1,-6,-1,1,3,1329,348,373,307,421,575,589,515,671
254.886843,1033392,344888564,1,-1,2,0,-17,-12,-1,1,0,-1,0,1,1,3,1161,1,1,0,149,2221,300,-138,538,0,1,-1,-2,-2,1,-5,19,1314,333,360,290,402,581,599,519,652
254.88783,1033396,344889551,1,0,2,0,-17,-12,-2,1,0,-1,0,1,1,3,1155,1,1,1,142,2221,125,-138,538,0,1,-1,2,-2,-2,14,25,1312,318,346,277,384,564,592,515,662
254.888817,1033400,344890538,1,0,2,0,-17,-12,-1,1,0,-1,1,1,1,3,1150,1,1,1,136,2221,125,-138,538,0,1,-1,-1,4,1,23,6,1319,304,335,266,373,564,591,510,659
254.889803,1033404,344891524,1,0,2,0,-17,-12,-1,1,0,-1,1,1,1,3,1146,1,1,1,131,2221,125,-138,538,0,1,-1,1,6,0,19,2,1314,293,326,259,365,570,591,508,655
254.89079,1033408,344892511,1,0,3,0,-17,-12,-1,2,0,-1,2,1,1,28,1143,1,1,1,128,2221,125,-138,537,0,1,-1,1,4,-2,3,-12,1298,288,320,255,350,558,588,502,652
254.891777,1033412,344893498,0,0,3,0,-17,-12,-2,1,0,-1,8,1,1,28,1136,1,1,3,119,2221,125,-138,537,0,1,-1,0,0,-1,5,19,1270,258,320,249,318,554,570,487,648
254.892763,1033416,344894484,0,1,5,0,-17,-12,-2,3,0,0,19,1,1,28,1126,1,1,5,106,2221,125,-138,537,0,0,0,1,-2,-1,-11,-5,1240,213,315,253,260,549,564,481,638
254.89375,1033420,344895471,0,1,7,0,-17,-11,-2,4,0,0,31,1,1,28,1116,1,1,8,93,2221,125,-138,537,0,0,0,1,-7,1,6,41,1217,159,314,261,203,538,570,484,634
254.894736,1033424,344896457,1,2,10,0,-17,-11,-2,4,0,0,41,1,1,28,1107,1,1,10,82,2221,125,-138,537,0,0,0,-1,-1,4,-15,38,1192,109,317,268,151,524,562,481,615
254.895723,1033428,344897444,0,2,13,0,-17,-10,-1,4,0,0,50,1,1,28,1100,1,1,12,73,2221,125,-138,537,1,0,1,3,2,2,5,55,1176,67,323,275,112,523,551,466,604
254.89671,1033432,344898431,1,1,15,0,-17,-10,-1,2,0,0,57,1,1,28,1094,1,1,13,68,2221,125,-138,537,0,0,2,-2,1,8,-5,63,1165,48,347,296,103,498,538,467,601
254.897697,1033436,344899418,0,2,16,0,-17,-9,-1,1,0,0,61,1,1,28,1090,1,1,14,64,2221,125,-138,537,1,0,3,3,5,7,-25,76,1126,48,376,316,104,498,547,462,575
254.898727,1033440,344900448,2,2,15,0,-17,-9,1,1,0,0,63,1,1,28,1088,1,1,15,63,2221,125,-138,537,0,0,5,-2,-2,11,-25,76,1126,48,380,337,115,479,542,463,562
254.89967,1033444,344901391,0,3,14,0,-17,-8,0,2,0,0,61,1,1,28,1086,1,1,15,62,2221,125,-138,537,1,0,7,1,-1,15,-51,83,1079,48,364,320,97,462,534,456,545
254.900656,1033448,344902377,2,4,12,1,-17,-8,2,5,0,0,59,1,1,28,1085,1,1,16,63,2221,125,-138,537,0,-1,10,-2,-6,21,-57,116,1042,48,332,318,96,440,536,464,530
254.901643,1033452,344903364,1,5,9,1,-16,-8,1,6,0,0,57,1,1,28,1084,1,1,16,64,2221,125,-138,537,1,-1,14,2,-5,25,-61,126,1015,48,302,287,79,429,530,462,515
254.90263,1033456,344904351,2,6,5,1,-16,-8,1,8,0,0,54,1,1,28,1084,1,1,16,65,2221,125,-138,537,0,-2,18,0,-2,29,-85,195,978,63,276,284,88,414,538,453,502
254.903617,1033460,344905338,1,5,0,1,-16,-8,0,5,0,0,53,1,1,28,1083,1,1,16,66,2214,125,-138,537,1,-1,22,0,0,35,-98,179,948,76,278,259,107,402,534,455,490
254.904603,1033464,344906324,1,6,-6,1,-16,-8,-1,5,0,0,51,1,1,85,1081,1,1,17,64,2214,125,-138,537,0,-2,26,1,1,35,-111,225,916,91,261,242,113,381,524,456,476
254.90559,1033468,344907311,1,5,-9,1,-16,-9,-1,2,0,0,50,1,1,85,1072,1,1,21,52,2214,125,-138,537,1,-1,30,-1,-2,36,-91,217,893,69,233,201,107,365,519,450,452
254.906576,1033472,344908297,0,5,-10,1,-16,-9,-2,0,0,0,49,1,1,85,1058,1,1,27,34,2214,125,-138,537,1,-2,33,-1,-4,39,-67,215,860,48,211,167,87,355,505,450,445
254.907563,1033476,344909284,2,8,-8,1,-16,-9,2,4,0,0,49,1,1,85,1044,1,1,33,15,2214,35,-138,537,0,-3,36,0,-3,37,-92,206,820,48,190,192,82,342,514,440,434
254.90855,1033480,344910271,3,7,-4,1,-15,-9,3,5,0,0,48,1,1,85,1032,1,1,39,0,2214,35,-138,537,-1,-2,38,-1,-4,40,-77,186,806,48,199,214,88,331,498,441,418
254.909536,1033484,344911257,3,8,0,1,-15,-9,5,3,0,0,48,1,1,85,1022,1,1,43,0,2214,35,-138,537,-1,-3,39,-1,-3,43,-86,184,785,48,217,237,99,317,492,437,408
254.910523,1033488,344912244,3,9,4,1,-15,-9,4,4,0,0,47,1,1,85,1015,1,1,47,0,2214,35,-138,536,-1,-3,40,-1,-2,44,-86,184,785,48,226,249,89,312,487,429,394
254.91151,1033492,344913231,2,9,7,1,-15,-9,2,3,0,0,46,1,1,101,1010,1,1,49,0,2214,35,-138,536,-1,-3,41,1,-3,45,-94,175,751,48,237,246,83,299,481,420,392
254.912496,1033496,344914217,3,9,10,1,-14,-8,2,3,0,0,41,1,1,101,1006,1,1,53,0,2214,35,-138,536,-1,-3,42,-1,-3,46,-66,182,721,48,227,244,81,294,473,420,370
254.913483,1033500,344915204,2,9,13,1,-14,-8,1,2,0,0,35,1,1,101,1004,1,1,56,0,2214,35,-138,536,0,-3,44,0,-5,49,-71,161,686,48,217,225,75,282,469,418,359
254.91447,1033504,344916191,3,11,15,1,-14,-7,0,4,0,0,29,1,1,101,1002,1,1,58,0,2214,35,-138,536,-1,-4,45,-2,-5,48,-76,169,661,48,194,211,61,276,460,412,348
254.915456,1033508,344917177,3,12,17,1,-13,-6,0,5,0,0,24,1,1,101,1002,1,1,60,0,2214,35,-138,536,-1,-4,46,-3,-4,48,-56,151,636,48,173,204,52,270,455,412,343
254.916443,1033512,344918164,4,12,18,2,-13,-6,1,6,0,0,20,1,1,101,1001,1,1,62,0,2214,35,-138,536,-1,-4,48,-2,-4,49,-59,136,621,48,156,205,51,261,453,401,327
254.91743,1033516,344919151,5,11,19,2,-12,-5,3,3,0,0,17,1,1,121,1001,1,1,63,0,2214,35,-172,534,-2,-4,49,-2,-3,51,-66,141,599,48,165,211,77,253,444,399,322
254.918416,1033520,344920137,6,12,20,2,-12,-4,5,3,0,0,17,1,1,121,1000,1,1,65,0,2214,35,-172,534,-2,-4,50,-3,-5,52,-47,139,587,62,181,241,102,248,432,396,311
254.919403,1033524,344921124,6,11,21,2,-12,-3,5,1,0,0,19,1,1,121,1000,1,1,67,0,2214,35,-172,534,-2,-4,50,-2,-4,52,-57,126,551,85,230,281,134,240,434,400,307
254.92039,1033528,344922111,6,11,24,2,-11,-3,3,0,0,0,23,1,1,121,1000,1,1,70,0,2214,35,-172,534,-2,-4,51,-1,-4,54,-59,126,527,104,274,322,151,238,425,399,293
254.921376,1033532,344923097,6,13,26,3,-11,-2,3,2,0,0,26,1,1,121,1000,1,1,73,0,2214,35,-172,534,-2,-5,52,-1,-6,54,-33,136,513,129,308,368,155,229,420,388,293
254.922363,1033536,344924084,5,12,29,3,-10,0,0,2,0,0,29,1,1,121,1000,1,1,75,0,2214,35,-172,534,-1,-4,53,-1,-5,55,-28,119,500,150,355,399,165,226,416,386,283
254.923352,1033540,344925073,5,12,31,3,-10,1,-1,1,0,0,32,1,1,121,1000,1,1,77,0,2214,35,-172,534,-1,-4,54,-1,-5,57,-31,119,488,162,386,424,173,224,411,392,286
254.924336,1033544,344926057,5,12,32,3,-10,2,-1,1,0,0,34,1,1,142,1000,1,1,79,0,2183,35,-172,533,-2,-4,55,-3,-2,56,-44,102,460,180,419,459,193,221,414,399,278
254.925323,1033548,344927044,5,12,34,3,-9,3,0,0,0,0,36,1,1,142,1000,1,1,81,0,2183,35,-172,533,-2,-4,56,-4,-3,57,-41,99,437,190,450,491,211,222,413,435,277
254.926309,1033552,344928030,6,14,36,4,-9,4,1,2,0,0,39,1,1,142,1000,1,1,85,0,2183,35,-172,533,-2,-5,57,-3,-6,61,-31,113,428,199,466,529,213,219,413,409,285
254.927296,1033556,344929017,7,13,39,4,-8,6,3,2,0,0,41,1,1,142,1000,1,1,88,0,2183,210,-172,533,-2,-4,58,-2,-6,62,-31,113,428,207,497,573,235,219,427,425,279
254.928283,1033560,344930004,7,12,41,4,-8,7,3,1,0,0,43,1,1,142,1000,1,1,91,0,2183,210,-172,533,-2,-4,59,-1,-3,62,-34,111,424,208,524,595,241,223,436,432,273
254.92927,1033564,344930991,7,12,43,4,-7,9,2,-1,0,0,44,1,1,142,1000,1,1,93,0,2183,210,-172,533,-2,-4,61,-1,-3,67,-48,117,421,210,549,611,245,223,421,448,284
254.930256,1033568,344931977,6,10,44,5,-7,10,1,-3,0,0,45,1,1,142,1000,1,1,94,0,2183,210,-172,533,-2,-3,63,-1,-1,72,-67,126,421,210,578,618,255,223,448,453,278
254.931243,1033572,344932964,4,9,44,5,-7,12,-2,-5,0,0,45,1,1,155,1000,1,1,96,0,2183,210,-172,532,-1,-3,65,0,-2,73,-60,135,428,212,590,608,247,225,463,445,285
254.932229,1033576,344933950,3,8,43,5,-6,13,-5,-6,0,0,42,1,1,155,1000,1,1,98,0,2183,210,-172,532,-1,-3,69,1,-4,77,-46,151,436,209,589,581,235,227,476,507,287
254.933216,1033580,344934937,2,7,42,5,-6,15,-6,-6,0,0,38,1,1,155,1000,1,1,100,0,2183,210,-172,532,0,-2,72,-1,-3,82,-67,173,432,212,578,562,234,225,495,508,282
254.934203,1033584,344935924,2,8,41,5,-6,16,-6,-5,0,0,33,1,1,155,1000,1,1,102,0,2183,210,-172,532,0,-3,76,-3,-1,84,-93,165,431,205,545,541,221,230,514,510,286
254.935189,1033588,344936910,2,6,39,5,-6,17,-5,-5,0,0,28,1,1,155,1000,1,1,104,0,2183,210,-172,532,0,-2,79,-1,-1,85,-93,172,453,203,530,522,226,231,508,534,285
254.936176,1033592,344937897,2,4,37,5,-5,18,-3,-7,0,0,25,1,1,155,1000,1,1,106,0,2183,210,-172,532,0,-1,82,-1,1,89,-89,196,482,200,528,514,247,231,521,528,291
254.937163,1033596,344938884,2,3,35,5,-5,19,-2,-8,0,0,22,1,1,164,1000,1,1,107,0,2183,210,-172,531,0,-1,85,2,2,91,-80,215,504,197,520,502,258,234,523,536,285
254.938149,1033600,344939870,2,2,33,5,-5,20,-1,-9,0,0,20,1,1,164,1000,1,1,108,0,2183,210,-172,531,0,0,87,1,2,91,-88,218,518,194,512,489,265,233,551,545,294
254.939136,1033604,344940857,1,0,31,5,-5,21,-2,-10,0,0,17,1,1,164,1000,1,1,110,0,2183,210,-172,531,0,0,89,0,3,95,-102,202,522,188,503,464,259,237,543,551,287
254.940123,1033608,344941844,1,-2,30,5,-5,22,-2,-11,0,0,15,1,1,164,1000,1,1,111,0,2183,210,-172,531,0,1,92,1,1,97,-96,201,540,185,502,453,269,237,570,554,298
254.941109,1033612,344942830,1,-3,30,5,-5,23,-2,-12,0,0,12,1,1,164,1000,1,1,113,0,2183,210,-172,531,0,2,93,1,-1,96,-92,190,564,184,501,442,271,237,560,558,298
254.942096,1033616,344943817,-1,-3,29,5,-5,24,-4,-10,0,0,11,1,1,164,1000,1,1,114,0,2183,210,-172,531,1,2,94,3,3,96,-85,182,573,186,497,428,259,235,564,564,304
254.943083,1033620,344944804,-2,-4,29,5,-6,25,-6,-10,0,0,9,1,1,164,1000,1,1,115,0,2183,210,-172,531,1,2,95,1,4,95,-85,182,573,188,501,417,253,238,562,560,302
254.944069,1033624,344945790,-2,-5,29,5,-6,26,-5,-10,0,0,9,1,1,172,1000,1,1,116,0,2183,210,-172,530,1,3,96,-1,5,97,-71,171,585,185,501,419,258,234,566,568,294
254.945056,1033628,344946777,-1,-7,29,5,-6,27,-3,-9,0,0,8,1,1,172,1000,1,1,117,0,2183,210,-172,530,1,3,96,1,7,99,-72,133,591,181,504,425,266,239,577,560,307
254.946043,1033632,344947764,-1,-8,30,5,-6,28,-2,-10,0,0,7,1,1,172,1000,1,1,118,0,2183,210,-172,530,1,4,97,1,6,99,-67,141,613,177,509,431,272,241,577,570,302
254.947029,1033636,344948750,-1,-9,30,5,-6,29,-1,-10,0,0,7,1,1,172,1000,1,1,120,0,2183,210,-172,530,1,5,98,3,7,101,-66,127,626,177,524,440,288,240,579,566,304
254.948016,1033640,344949737,-2,-11,31,5,-7,31,-1,-11,0,0,7,1,1,172,1000,1,1,121,0,2183,277,-172,530,1,5,98,4,4,99,-50,126,634,177,541,442,293,238,575,573,311
254.949003,1033644,344950724,-2,-11,32,5,-7,32,-1,-11,0,0,7,1,1,172,1000,1,1,122,0,2183,277,-172,530,1,6,99,2,3,100,-53,109,643,179,554,449,297,239,584,581,305
254.949989,1033648,344951710,-2,-12,33,5,-7,33,-2,-10,0,0,7,1,1,172,1000,1,1,123,0,2183,277,-172,530,2,6,99,3,6,100,-58,75,640,170,551,446,284,244,588,575,318
254.950976,1033652,344952697,-3,-13,33,5,-8,34,-2,-10,0,0,7,1,1,176,1000,1,1,123,0,2183,277,-172,529,2,7,100,1,8,99,-57,83,658,169,562,445,283,245,609,570,309
254.951963,1033656,344953684,-4,-13,34,5,-8,35,-4,-9,0,0,6,1,1,176,1000,1,1,124,0,2183,277,-172,529,2,7,100,3,10,103,-57,58,677,170,563,441,274,243,596,584,324
254.952949,1033660,344954670,-4,-14,34,5,-9,36,-4,-9,0,0,5,1,1,176,1000,1,1,125,0,2183,277,-172,529,3,7,101,2,10,104,-41,93,695,177,575,445,283,238,604,584,318
254.953936,1033664,344955657,-4,-15,34,5,-9,37,-4,-7,0,0,3,1,1,176,1000,1,1,126,0,2183,277,-172,529,2,7,102,0,9,107,-43,59,698,175,571,445,281,242,606,584,325
254.954922,1033668,344956643,-3,-15,34,4,-9,39,-2,-7,0,0,2,1,1,176,1000,1,1,126,0,2183,277,-172,529,2,8,103,3,10,108,-54,82,693,179,578,455,296,239,612,575,324
254.955909,1033672,344957630,-3,-18,34,4,-10,40,0,-10,0,0,1,1,1,176,1000,1,1,127,0,2183,277,-172,529,2,9,104,2,8,105,-73,60,703,181,601,464,328,240,617,581,321
254.956896,1033676,344958617,-3,-18,33,4,-10,41,1,-11,0,0,0,1,1,176,1000,1,1,127,0,2183,277,-172,529,2,9,105,3,7,107,-49,46,722,179,607,466,337,242,630,584,339
254.957883,1033680,344959604,-3,-18,32,4,-11,42,0,-10,0,0,-3,1,1,167,1000,1,1,127,0,2183,277,-172,528,2,10,106,2,8,105,-25,64,750,184,595,456,334,239,638,589,338
254.958869,1033684,344960590,-3,-18,31,4,-11,43,0,-7,0,0,-11,1,1,167,1000,1,1,126,0,2183,277,-172,528,2,9,107,1,9,108,-23,47,769,185,555,425,324,240,628,577,337
254.959856,1033688,344961577,-2,-17,29,4,-12,44,2,-3,0,0,-21,1,1,167,1000,1,1,125,0,2183,277,-172,528,1,9,108,2,14,110,-23,47,769,186,502,396,324,237,644,595,348
254.960842,1033692,344962563,-2,-18,27,4,-12,45,2,-3,0,0,-31,1,1,167,1000,1,1,124,0,2183,277,-172,528,2,10,108,2,13,109,-42,78,778,187,461,353,327,241,642,594,341
254.961829,1033696,344963550,-2,-18,24,4,-13,45,2,-3,0,0,-39,1,1,167,1000,1,1,123,0,2183,277,-172,528,2,10,109,2,10,113,-40,49,795,186,425,312,328,240,661,586,351
254.962816,1033700,344964537,-2,-19,22,4,-13,46,1,-3,0,0,-46,1,1,167,1000,1,1,122,0,2183,277,-172,528,2,10,109,2,11,107,-35,78,809,183,396,274,324,242,648,587,346
254.963802,1033704,344965523,-1,-19,20,4,-14,47,1,-4,0,0,-51,1,1,167,1000,1,1,121,0,2183,277,-172,527,1,10,109,-2,5,108,-26,39,817,185,378,258,335,240,638,575,356
254.964789,1033708,344966510,0,-18,18,4,-14,47,4,-3,0,0,-56,1,1,146,1000,1,1,120,0,2211,277,-172,527,1,10,109,1,10,104,-10,28,828,183,352,249,343,242,648,577,361
254.965776,1033712,344967497,0,-18,16,4,-15,48,4,-3,0,0,-62,1,1,146,1000,1,1,117,0,2211,277,-172,527,1,10,108,-1,8,104,4,13,833,179,319,216,340,246,636,560,361
254.966762,1033716,344968483,0,-17,14,4,-15,48,4,0,0,0,-68,1,1,146,1000,1,1,114,0,2211,277,-172,527,0,10,107,0,12,105,16,-4,847,177,275,181,328,244,644,568,363
254.967749,1033720,344969470,0,-17,11,4,-16,48,2,1,0,0,-74,1,1,146,1000,1,1,110,0,2211,192,-214,527,1,10,106,2,14,100,23,-25,845,210,273,178,352,241,629,545,369
254.968736,1033724,344970457,1,-17,9,4,-16,48,3,1,0,0,-79,1,1,146,1000,1,1,108,0,2211,192,-214,527,0,10,104,-3,9,98,33,-56,858,225,263,175,376,242,628,545,372
254.969725,1033728,344971446,2,-17,7,4,-16,49,5,0,0,0,-82,1,1,146,1000,1,1,106,0,2211,192,-214,527,0,10,102,2,11,93,28,-100,838,240,267,179,405,241,617,536,373
254.970709,1033732,344972430,2,-17,7,4,-17,49,5,-2,0,0,-85,1,1,111,1000,1,1,104,0,2211,192,-214,527,-1,10,100,-5,5,93,44,-78,848,246,268,174,420,247,607,528,377
254.971696,1033736,344973417,3,-17,6,4,-17,49,5,-1,0,0,-90,1,1,111,1000,1,1,100,0,2211,192,-214,527,-1,10,97,-1,8,89,65,-132,823,251,250,166,424,248,581,514,374
254.972682,1033740,344974403,3,-15,5,4,-18,49,5,3,0,0,-95,1,1,111,1000,1,1,95,0,2211,192,-214,527,-1,9,94,-3,7,85,111,-107,835,269,222,162,426,249,589,498,410
254.973669,1033744,344975390,4,-14,2,4,-18,49,6,7,0,0,-100,1,1,111,1000,1,1,90,0,2211,192,-214,527,-2,8,91,-4,8,83,101,-141,818,292,200,159,439,248,592,498,414
254.974656,1033748,344976377,4,-14,0,4,-18,49,6,5,0,0,-105,1,1,111,1000,1,1,85,0,2211,192,-214,527,-2,9,87,-1,12,82,110,-154,819,309,201,150,468,250,570,482,414
254.975642,1033752,344977363,5,-14,-2,4,-18,49,5,4,0,0,-109,1,1,111,1000,1,1,81,0,2211,192,-214,527,-2,8,84,-3,8,73,121,-146,820,327,198,144,488,253,556,478,430
254.976629,1033756,344978350,5,-14,-3,5,-19,49,4,2,0,0,-112,1,1,111,1000,1,1,78,0,2211,192,-214,527,-2,9,81,-1,8,70,121,-146,820,333,200,132,502,263,554,462,416
254.977616,1033760,344979337,4,-14,-2,5,-19,49,3,2,0,0,-114,1,1,67,1000,1,1,76,0,2211,192,-214,526,-2,9,77,-1,6,67,105,-184,807,323,185,108,493,268,534,459,434
254.978602,1033764,344980323,5,-11,-2,5,-19,49,3,5,0,0,-114,1,1,67,1000,1,1,72,0,2211,192,-214,526,-2,7,73,-4,1,60,129,-147,793,292,127,75,442,281,528,452,429
254.979589,1033768,344981310,5,-11,-2,5,-20,48,3,9,0,0,-114,1,1,67,1000,1,1,66,0,2211,192,-214,526,-2,7,69,-3,5,59,132,-208,777,270,83,48,404,283,519,437,452
254.980575,1033772,344982296,4,-9,-4,5,-20,48,0,12,0,0,-113,1,1,67,1000,1,1,60,0,2211,192,-214,526,-2,5,64,0,4,51,141,-185,765,284,78,48,390,288,497,419,453
254.981562,1033776,344983283,5,-8,-5,5,-20,48,0,12,0,0,-112,1,1,67,1000,1,1,55,0,2211,192,-214,526,-2,5,60,-2,7,46,139,-204,766,285,72,48,389,292,493,410,463
254.982549,1033780,344984270,3,-9,-6,5,-20,48,-1,9,0,0,-111,1,1,67,1000,1,1,50,0,2211,192,-214,526,-1,5,55,-1,7,45,156,-221,754,297,99,48,404,296,484,401,463
254.983536,1033784,344985257,3,-9,-5,5,-20,48,-3,6,0,0,-111,1,1,67,1000,1,1,47,0,2211,192,-214,526,-1,5,50,0,2,39,158,-233,744,302,121,48,415,296,466,382,470
254.984522,1033788,344986243,2,-8,-4,5,-20,48,-4,5,0,0,-110,1,1,16,1000,1,1,44,0,2212,192,-214,525,-1,5,46,-1,2,35,159,-253,727,301,126,48,405,299,448,366,467
254.985509,1033792,344987230,2,-6,-3,5,-21,47,-4,8,0,0,-108,1,1,16,1000,1,1,39,0,2212,192,-214,525,-1,4,41,0,1,31,172,-258,719,290,109,48,375,299,436,344,467
254.986538,1033796,344988259,1,-4,-4,5,-21,47,-5,12,0,0,-104,1,1,16,1000,1,1,33,0,2212,192,-214,525,0,3,38,2,0,29,149,-265,709,285,88,48,342,311,427,340,475
254.987482,1033800,344989203,1,-2,-6,5,-21,47,-5,14,0,0,-101,1,1,16,1000,1,1,27,0,2212,30,-214,525,0,2,33,3,2,23,133,-250,699,286,83,48,326,311,413,330,479
254.988469,1033804,344990190,1,-2,-8,5,-21,47,-5,14,0,0,-98,1,1,16,1000,1,1,22,0,2212,30,-214,525,0,1,30,1,2,22,142,-278,685,281,76,48,319,314,399,318,481
254.989456,1033808,344991177,-1,-2,-10,5,-21,46,-6,12,0,0,-96,1,1,16,1000,1,1,18,0,2212,30,-214,525,1,2,27,2,0,21,139,-263,661,291,95,48,331,319,393,309,484
254.990442,1033812,344992163,-2,-2,-11,5,-21,46,-8,7,0,0,-94,1,1,0,1000,1,1,15,0,2212,30,-214,524,2,2,23,2,1,13,137,-260,642,301,127,48,348,323,387,301,482
254.991429,1033816,344993150,-3,0,-11,5,-21,45,-9,8,0,0,-85,1,1,0,1000,1,1,12,0,2212,30,-214,524,2,1,21,3,-2,15,147,-258,637,275,124,48,302,314,361,294,475
254.992415,1033820,344994136,-2,2,-12,5,-21,45,-7,12,0,0,-67,1,1,0,1000,1,1,10,0,2212,30,-214,524,2,-1,18,3,-3,14,136,-235,625,199,94,48,211,325,360,284,478
254.993402,1033824,344995123,-3,1,-12,5,-21,45,-6,10,0,0,-46,1,1,0,1000,1,1,7,0,2212,30,-214,524,3,0,15,2,-2,8,156,-271,616,117,103,48,136,325,342,279,470
254.994389,1033828,344996110,-4,3,-12,5,-21,44,-8,11,0,0,-26,1,1,0,1000,1,1,5,0,2212,30,-214,524,3,-1,14,4,-5,7,144,-266,611,59,111,57,59,320,350,265,475
254.995375,1033832,344997096,-5,4,-12,5,-21,44,-7,11,0,0,-10,1,1,0,1000,1,1,3,0,2212,30,-214,524,3,-2,11,6,-1,8,102,-246,601,86,198,146,83,321,331,260,466
254.996364,1033836,344998085,-5,5,-11,5,-21,43,-7,10,0,0,3,1,1,0,1000,1,1,2,0,2212,30,-214,524,4,-2,9,6,-2,7,124,-223,604,112,270,221,107,314,328,256,459
254.997349,1033840,344999070,-6,5,-10,5,-21,43,-7,11,0,0,12,1,1,0,1000,1,1,1,0,2212,30,-214,523,4,-3,8,7,-5,8,124,-223,604,139,327,280,128,305,328,250,449
254.998335,1033844,345000056,-7,6,-10,5,-20,43,-8,10,0,0,16,1,1,0,1000,1,1,1,0,2212,30,-214,523,5,-3,8,5,-4,13,104,-194,590,167,365,311,143,300,323,250,430
254.999322,1033848,345001043,-7,7,-11,5,-20,42,-7,11,0,0,15,1,1,0,1000,1,1,1,0,2212,30,-214,523,5,-4,9,5,-5,15,62,-150,566,189,371,327,159,293,328,245,417
255.000309,1033852,345002030,-8,8,-12,4,-20,42,-7,11,0,0,12,1,1,0,1000,1,1,0,0,2212,30,-214,523,5,-4,10,4,-6,18,53,-130,552,184,351,305,152,299,339,260,417
255.001295,1033856,345003016,-7,7,-14,4,-20,41,-5,7,0,0,9,1,1,0,1000,1,1,0,0,2212,30,-214,523,5,-4,13,7,-6,23,32,-78,539,141,304,249,136,291,352,258,404
255.002282,1033860,345004003,-7,9,-17,4,-20,41,-4,7,0,0,5,1,1,0,1000,1,1,0,0,2212,30,-214,523,5,-5,16,4,-6,24,2,-22,535,119,248,203,107,288,341,266,404
255.003269,1033864,345004990,-8,8,-21,4,-20,40,-4,7,0,0,3,1,1,0,1000,1,1,0,0,2212,30,-214,523,6,-5,19,6,-4,25,-2,2,530,97,198,149,83,290,348,273,392
255.004255,1033868,345005976,-8,9,-25,4,-20,39,-4,6,0,0,1,1,1,-1,1000,1,1,0,0,2218,30,-214,522,6,-5,22,7,-5,29,-7,28,523,85,160,109,73,287,347,270,376
255.005242,1033872,345006963,-8,11,-29,4,-19,38,-2,9,0,0,-1,1,1,-1,1000,1,1,0,0,2218,30,-214,522,6,-6,25,5,-7,31,-13,34,514,89,120,97,67,280,346,271,359
255.006228,1033876,345007949,-8,11,-33,4,-19,36,-1,9,0,0,-1,1,1,-1,1000,1,1,0,0,2218,30,-214,522,6,-6,27,4,-8,29,-7,33,514,96,101,84,73,272,340,269,350
255.007215,1033880,345008936,-7,11,-37,4,-19,35,0,7,0,0,-1,1,1,-1,1000,1,1,0,0,2218,30,-214,522,5,-6,30,4,-7,31,-14,43,520,104,98,78,97,269,333,269,343
255.008202,1033884,345009923,-7,11,-40,3,-19,33,2,5,0,0,-1,1,1,-1,1000,1,1,0,0,2218,45,-214,522,5,-6,30,5,-6,31,-33,37,512,124,108,89,133,266,336,261,339
255.009189,1033888,345010910,-7,12,-42,3,-19,32,2,5,0,0,-1,1,1,-1,1000,1,1,0,0,2218,45,-214,522,5,-7,30,5,-8,29,-38,27,503,143,112,96,146,261,329,261,331
255.010175,1033892,345011896,-7,11,-43,3,-19,30,1,4,0,0,-1,1,1,-1,1000,1,1,0,0,2218,45,-214,522,5,-7,31,4,-7,30,-26,32,487,174,134,114,177,260,315,253,322
255.011162,1033896,345012883,-6,12,-44,3,-18,29,2,3,0,0,0,1,1,-1,1000,1,1,0,0,2218,45,-214,522,5,-7,31,3,-8,30,-8,13,479,194,146,130,204,255,314,251,312
255.012148,1033900,345013869,-6,13,-44,3,-18,27,3,5,0,0,0,1,1,-1,1000,1,1,0,0,2218,45,-214,522,4,-7,30,4,-8,30,-10,1,475,209,147,146,213,253,304,245,309
255.013135,1033904,345014856,-6,13,-44,3,-18,26,3,5,0,0,0,1,1,-1,1000,1,1,0,0,2218,45,-214,522,4,-7,30,5,-6,31,-10,1,475,225,158,158,228,250,303,244,316
255.014122,1033908,345015843,-5,12,-44,3,-18,24,3,3,0,0,0,1,1,-1,1000,1,1,0,0,2218,45,-214,522,4,-7,30,4,-7,29,-16,13,482,238,173,167,249,253,298,244,313
255.015109,1033912,345016830,-5,12,-43,3,-18,23,3,3,0,0,0,1,1,-1,1000,1,1,0,0,2218,45,-214,522,4,-7,29,5,-8,26,-3,9,491,253,185,176,262,253,302,243,307
255.016095,1033916,345017816,-5,13,-43,3,-17,22,2,2,0,0,0,1,1,-1,1000,1,1,0,0,2218,45,-214,522,4,-8,29,4,-10,28,5,3,480,267,195,182,272,257,299,241,311
255.017082,1033920,345018803,-5,13,-43,3,-17,20,2,2,0,0,0,1,1,-1,1000,1,1,0,0,2218,45,-214,521,4,-8,29,4,-9,29,3,-8,465,272,197,184,279,259,292,242,308
255.018068,1033924,345019789,-5,14,-42,2,-17,19,1,3,0,0,0,1,1,-1,1000,1,1,0,0,2218,45,-222,521,4,-8,28,4,-10,27,7,-11,474,278,191,183,272,260,294,243,314
255.019055,1033928,345020776,-6,14,-41,2,-17,17,0,4,0,0,0,1,1,-1,1000,1,1,0,0,2218,45,-222,521,4,-8,28,6,-8,27,9,2,508,298,203,194,279,263,290,235,309
255.020042,1033932,345021763,-7,15,-41,2,-17,16,-3,6,0,0,0,1,1,-1,1000,1,1,0,0,2218,45,-222,521,5,-9,28,8,-8,28,-11,-2,561,315,207,194,274,263,294,240,319
255.021029,1033936,345022750,-8,15,-41,2,-16,15,-5,5,0,0,0,1,1,-1,1000,1,1,0,0,2218,45,-222,521,6,-9,27,12,-8,27,-47,-12,626,332,220,193,276,270,292,240,325
255.022015,1033940,345023736,-13,14,-40,2,-16,13,-14,4,0,0,0,1,1,-1,1000,1,1,0,0,2218,45,-222,521,9,-9,28,27,-5,32,-137,-11,762,382,275,189,283,275,288,242,318
255.023002,1033944,345024723,-30,9,-42,2,-16,12,-44,-7,0,0,0,1,1,-1,1000,1,1,0,0,2218,45,-222,521,21,-5,32,88,21,52,-450,76,1083,563,502,183,346,276,294,242,323
255.023988,1033948,345025709,-85,-20,-48,1,-16,10,-146,-62,0,0,0,1,1,-1,1000,1,1,0,0,2218,45,-222,520,58,13,42,281,120,103,-1195,120,1928,1186,1410,185,692,322,255,241,320
255.024975,1033952,345026696,-226,-81,-61,0,-16,9,-424,-202,0,0,0,1,1,-1,1000,1,1,0,0,2281,45,-222,520,153,53,58,698,286,145,-2476,-210,3660,1469,2047,179,999,361,295,248,326
255.025962,1033956,345027683,-447,-169,-78,0,-16,9,-937,-418,0,0,0,1,1,-1,1000,1,1,0,0,2281,45,-222,520,302,110,73,1147,440,155,-4338,-863,5899,1238,2047,171,1238,367,409,248,371
255.026948,1033960,345028669,-737,-295,-101,0,-16,9,-1612,-698,0,0,0,1,1,-1,1000,1,1,0,0,2281,45,-222,520,499,191,100,1314,512,157,-6349,-1248,8378,1282,2047,170,1282,354,416,246,408
255.027935,1033964,345029656,-1091,-466,-131,0,-16,9,-2582,-1106,0,0,0,1,1,-1,1000,1,1,0,0,2281,412,-222,520,739,302,122,1056,520,135,-8332,-1716,10918,1338,2047,174,1338,347,414,244,430
255.028922,1033968,345030643,-1301,-624,-157,0,-16,9,-3419,-1554,0,0,0,1,1,-1,1000,1,1,0,0,2281,412,-222,520,882,405,137,395,432,125,-10554,-2237,13399,1389,2047,177,1389,414,466,245,425
255.029908,1033972,345031629,-1341,-710,-180,0,-16,9,-3125,-1830,0,0,0,1,1,-1,1000,1,1,0,0,2281,412,-222,520,909,461,146,21,286,103,-12630,-2574,15747,1431,2047,174,1431,424,502,246,450
255.030895,1033976,345032616,-1153,-697,-189,0,-16,9,-2031,-1640,0,0,0,1,1,-1,1000,1,1,0,0,2281,412,-222,520,783,453,135,-41,199,70,-12630,-2574,15747,1449,2047,175,1449,444,521,244,463
255.031882,1033980,345033603,-746,-590,-185,0,-16,9,-140,-920,0,0,0,1,1,-1,1000,1,1,0,0,2281,412,-222,520,507,384,118,-57,142,31,-14067,-2352,17918,1445,2047,185,1445,481,532,240,500
255.032868,1033984,345034589,-281,-369,-172,0,-16,9,1856,96,0,0,0,1,1,-1,1000,1,1,0,0,2281,412,-222,520,191,241,99,-290,-313,12,-15354,-2301,19891,183,481,979,2047,508,570,244,530
255.033855,1033988,345035576,-3,-210,-148,0,-16,9,3153,1018,0,0,0,1,1,-1,1000,1,1,0,0,2281,412,-222,520,3,137,79,-89,-209,74,-16291,-2227,21433,1364,153,2047,1364,510,551,260,536
255.034842,1033992,345036563,171,-15,-121,0,-16,9,3485,1736,0,0,0,1,1,-1,1000,1,1,0,0,2281,412,-222,520,-116,10,49,-61,-41,43,-16345,-2049,21614,1295,106,2047,1295,596,579,292,632
255.035828,1033996,345037549,347,115,-89,0,-16,9,3409,2088,0,0,0,1,1,-1,1000,1,1,0,0,2281,412,-222,520,-236,-74,23,-51,-10,-6,-15656,-1920,20726,1207,48,2047,1207,607,611,356,659
255.036815,1034000,345038536,481,236,-56,0,-16,9,3224,2218,0,0,0,1,1,-1,1000,1,1,0,0,2281,412,-222,520,-327,-153,2,15,1,-31,-14819,-1864,19177,1142,48,2047,1142,619,609,333,688
255.037802,1034004,345039523,405,240,-26,0,-16,9,2423,1914,0,0,0,1,1,-1,1000,1,1,0,0,2281,412,-222,519,-275,-156,-12,42,-16,-57,-14129,-1431,17399,1082,48,2047,1082,673,575,335,714
255.038788,1034008,345040509,270,240,-5,0,-16,9,1309,1437,0,0,0,1,1,-1,1000,1,1,0,0,2281,412,-222,519,-184,-156,-17,21,-27,-42,-13250,-748,16221,1039,48,2047,1039,654,566,420,771
255.039776,1034012,345041497,12,146,8,0,-16,9,20,793,0,0,0,1,1,-1,1000,1,1,0,0,2281,412,-222,519,-8,-95,-15,12,-41,-46,-12115,153,15348,1863,48,2047,109,719,538,431,792
255.040762,1034016,345042483,-234,-4,16,0,-16,9,-1215,-66,0,0,0,1,1,-1,1000,1,1,0,0,2281,412,-222,519,160,3,-22,14,-20,-62,-10958,789,14009,1667,2047,48,259,723,536,464,773
255.041748,1034020,345043469,-245,-75,30,0,-16,9,-1569,-623,0,0,0,1,1,-1,1000,1,1,0,0,2281,412,-222,519,168,50,-41,-3,-5,-67,-9839,1261,12226,969,2047,48,969,833,588,510,798
255.042735,1034024,345044456,-107,-63,50,0,-16,9,-979,-697,0,0,0,1,1,-1,1000,1,1,0,0,2281,412,-222,519,73,42,-57,-8,-47,-52,-8827,1306,10569,929,2047,48,929,826,549,530,798
255.043722,1034028,345045443,-46,13,66,0,-16,9,-333,-337,0,0,0,1,1,-1,1000,1,1,0,0,2281,412,-222,518,32,-8,-60,8,-69,-63,-7399,1084,9302,896,2047,48,785,826,604,530,829
255.044708,1034032,345046429,64,60,74,0,-16,11,194,25,0,0,0,1,1,-1,1000,1,1,0,0,2012,412,-222,518,-44,-39,-60,1,-64,-67,-6109,897,8460,48,111,1423,807,826,605,519,813
255.045695,1034036,345047416,117,107,82,1,-16,11,596,296,0,0,0,1,1,-1,1000,1,1,0,0,2012,412,-222,518,-79,-70,-66,21,-34,-65,-6109,897,8460,711,48,2047,964,838,616,538,820
255.046682,1034040,345048403,-13,90,88,1,-16,11,291,318,0,0,0,1,1,-1,1000,1,1,0,0,2012,412,-222,518,9,-59,-65,30,-29,-62,-5354,776,7730,922,48,2047,583,840,648,524,824
255.047668,1034044,345049389,-83,48,91,0,-15,13,-176,117,0,0,0,1,1,-1,1000,1,1,0,0,2012,2842,-222,518,57,-31,-67,45,-14,-77,-4669,793,7002,1685,1500,1066,48,857,638,587,813
255.048655,1034048,345050376,-31,65,95,-1,-14,17,-196,28,0,0,0,1,1,-1,1000,1,1,0,0,2012,2842,-222,518,22,-42,-70,41,-28,-56,-3930,689,6153,1273,1404,807,48,880,696,577,809
255.049644,1034052,345051365,15,80,94,-1,-13,20,25,84,0,0,0,1,1,-1,1000,1,1,0,0,2012,2842,-222,518,-10,-52,-63,18,-24,-50,-3435,709,5419,496,350,1108,48,875,690,617,804
255.050628,1034056,345052349,-12,56,89,-1,-12,23,54,20,0,0,0,1,1,-1,1000,1,1,0,0,2012,2842,-222,518,8,-36,-56,12,-33,-40,-2993,791,4858,135,327,752,48,870,661,620,785
255.051615,1034060,345053336,-69,27,83,-1,-12,25,-126,-103,0,0,0,1,1,-1,1000,1,1,0,0,2012,2842,-222,518,48,-17,-52,5,-12,-42,-2549,907,4495,481,1269,129,48,877,671,670,785
255.052601,1034064,345054322,-84,10,78,-2,-12,27,-237,-181,0,0,0,1,1,-1,1000,1,1,0,0,2012,2842,-222,518,58,-6,-50,-3,-15,-38,-2094,947,4189,910,2047,48,352,877,698,661,767
255.053588,1034068,345055309,-87,10,73,-2,-12,27,-241,-174,0,0,0,1,1,-1,1000,1,1,0,0,2012,2842,-222,518,61,-6,-45,-12,-22,-7,-1796,761,3829,957,2047,48,342,898,748,670,719
255.054575,1034072,345056296,-9,20,66,-3,-11,29,-20,-108,0,0,0,1,1,-1,1000,1,1,0,0,2012,2842,-222,518,7,-12,-37,-5,-11,-18,-1663,611,3384,48,826,299,322,888,750,673,708
255.055561,1034076,345057282,80,35,57,-2,-11,30,333,-29,0,0,0,1,1,-1,1000,1,1,0,0,2012,2842,-222,518,-55,-23,-30,7,-15,-29,-1595,519,3173,48,416,2041,1714,857,698,655,688
255.056548,1034080,345058269,77,52,50,-2,-11,30,420,55,0,0,0,1,1,-1,1000,1,1,0,0,2012,2842,-222,518,-52,-33,-28,32,-3,-25,-1308,790,3118,101,48,2047,1452,852,773,694,718
255.057535,1034084,345059256,5,37,43,-2,-11,30,190,50,0,0,0,1,1,-1,1000,1,1,0,0,2012,2842,-222,517,-3,-24,-21,22,2,-18,-958,847,3070,63,48,1127,529,857,802,674,713
255.058521,1034088,345060242,-57,14,33,-2,-10,31,-114,-32,0,0,0,1,1,-1,1000,1,1,0,0,2012,2842,-222,517,40,-8,-12,-4,-7,-9,-871,601,2883,623,996,187,48,820,798,677,668
255.059508,1034092,345061229,-57,-1,26,-3,-10,32,-223,-96,0,0,0,1,1,-1,1000,1,1,0,0,2012,2842,-222,517,40,1,-13,-19,0,-18,-871,601,2883,951,1609,48,245,813,838,690,701
255.060495,1034096,345062216,-25,-13,25,-4,-11,33,-132,-131,0,0,0,1,1,-1,1000,1,1,0,0,2012,2842,-222,517,18,9,-19,-23,5,0,-819,454,2629,461,1310,48,435,800,809,688,718
255.061481,1034100,345063202,12,-13,26,-4,-11,33,24,-124,0,0,0,1,1,-1,1000,1,1,0,0,2012,2842,-222,517,-8,9,-17,-19,5,-3,-770,368,2459,48,874,410,765,800,802,670,721
255.062468,1034104,345064189,37,5,22,-3,-11,34,145,-58,0,0,0,1,1,-1,1000,1,1,0,0,2012,2842,-222,517,-25,-3,-11,-9,1,-10,-581,644,2447,48,527,987,1016,785,838,668,677
255.063455,1034108,345065176,42,16,17,-3,-11,34,175,15,0,0,0,1,1,-1,1000,1,1,0,0,2012,2842,-222,516,-29,-10,-6,-11,7,0,-433,590,2410,48,169,1111,823,773,831,693,634
255.064441,1034112,345066162,32,7,12,-2,-10,35,128,21,0,0,0,1,1,-1,1000,1,1,0,0,2207,2842,-222,516,-22,-4,-4,-29,4,2,-369,516,2281,48,164,864,605,739,824,709,714
255.065428,1034116,345067149,25,-13,8,-2,-11,35,65,-34,0,0,0,1,1,-1,1000,1,1,0,0,2207,2842,-222,516,-16,9,-1,-26,13,13,-491,295,2163,48,450,568,630,741,838,636,744
255.066471,1034120,345068192,13,-23,3,-2,-11,35,6,-82,0,0,0,1,1,-1,1000,1,1,0,0,2207,2842,-222,516,-8,16,3,-9,6,6,-460,204,2122,48,661,268,582,688,822,696,739
255.067401,1034124,345069122,11,-16,-1,-2,-11,34,-28,-70,0,0,0,1,1,-1,1000,1,1,0,0,2207,2842,-222,516,-7,11,4,-3,6,7,-362,350,2205,48,572,107,364,655,806,723,728
255.068388,1034128,345070109,25,-5,-4,-1,-11,34,-4,-21,0,0,0,1,1,-1,1000,1,1,0,0,2207,1317,-407,516,-16,4,6,1,13,5,-329,329,2138,48,318,246,275,648,811,698,728
255.069375,1034132,345071096,39,1,-8,-1,-11,34,47,18,0,0,0,1,1,-1,1000,1,1,0,0,2207,1317,-407,516,-27,0,9,-19,1,10,-265,274,2102,48,123,492,359,634,815,703,718
255.070361,1034136,345072082,35,-4,-11,0,-11,33,55,20,0,0,0,1,1,-1,1000,1,1,0,0,2207,1317,-407,516,-24,3,11,-29,11,15,-278,162,1978,48,118,494,388,593,813,679,730
255.071348,1034140,345073069,16,-11,-13,0,-11,33,3,-5,0,0,0,1,1,-1,1000,1,1,0,0,2207,1317,-407,516,-11,8,10,-27,4,21,-240,225,2010,48,238,204,236,584,800,682,708
255.072335,1034144,345074056,5,-14,-14,0,-12,32,-50,-22,0,0,0,1,1,-1,1000,1,1,0,0,2207,1317,-407,516,-3,10,11,-17,7,20,-252,265,2001,154,417,48,168,566,761,665,698
255.073321,1034148,345075042,13,-14,-16,0,-12,31,-47,-24,0,0,0,1,1,-1,1000,1,1,0,0,2207,1317,-407,516,-9,10,14,-8,9,17,-227,248,1967,122,383,48,189,542,725,668,686
255.074308,1034152,345076029,30,-12,-19,1,-12,31,5,-16,0,0,0,1,1,-1,1000,1,1,0,0,2207,1317,-407,516,-20,9,15,-16,5,18,-184,148,1878,48,255,239,351,532,708,656,680
255.075295,1034156,345077016,40,-7,-22,1,-12,30,50,1,0,0,0,1,1,-1,1000,1,1,0,0,2207,1317,-407,516,-27,5,18,-13,1,22,-149,63,1794,48,153,443,483,500,701,630,655
255.076282,1034160,345078003,34,0,-25,2,-12,29,49,24,0,0,0,1,1,-1,1000,1,1,0,0,2207,1317,-407,516,-23,1,21,-7,1,20,-149,63,1794,80,48,434,374,492,679,624,659
