file,frame,field,min_raw,max_raw,mean_raw
LOG00020,I,loopIteration,0.0,4056.0,2028.0
LOG00020,I,time,57011173.0,58011899.0,57511537.800985225
LOG00020,I,axisP[0],0.0,2.0,1.0945812807881774
LOG00020,I,axisP[1],0.0,2.0,1.0019704433497536
LOG00020,I,axisP[2],-2.0,1.0,-0.5379310344827586
LOG00020,I,axisI[0],0.0,0.0,0.0
LOG00020,I,axisI[1],0.0,0.0,0.0
LOG00020,I,axisI[2],0.0,0.0,0.0
LOG00020,I,axisD[0],-2.0,2.0,0.01083743842364532
LOG00020,I,axisD[1],-2.0,2.0,0.0019704433497536944
LOG00020,I,axisF[0],0.0,0.0,0.0
LOG00020,I,axisF[1],0.0,0.0,0.0
LOG00020,I,axisF[2],0.0,0.0,0.0
LOG00020,I,rcCommand[0],1.0,1.0,1.0
LOG00020,I,rcCommand[1],1.0,1.0,1.0
LOG00020,I,rcCommand[2],-1.0,-1.0,-1.0
LOG00020,I,rcCommand[3],1000.0,1000.0,1000.0
LOG00020,I,setpoint[0],1.0,1.0,1.0
LOG00020,I,setpoint[1],1.0,1.0,1.0
LOG00020,I,setpoint[2],-1.0,0.0,-0.07783251231527094
LOG00020,I,setpoint[3],0.0,0.0,0.0
LOG00020,I,vbatLatest,2489.0,2519.0,2506.1093596059113
LOG00020,I,amperageLatest,0.0,182.0,95.03054187192119
LOG00020,I,baroAlt,-41.0,0.0,-22.191133004926108
LOG00020,I,rssi,723.0,732.0,724.7152709359606
LOG00020,I,gyroADC[0],-1.0,1.0,-0.0748768472906404
LOG00020,I,gyroADC[1],-1.0,1.0,-0.020689655172413793
LOG00020,I,gyroADC[2],-1.0,1.0,-0.009852216748768473
LOG00020,I,gyroUnfilt[0],-1.0,1.0,-0.12216748768472907
LOG00020,I,gyroUnfilt[1],-1.0,1.0,-0.14285714285714285
LOG00020,I,gyroUnfilt[2],-2.0,1.0,-0.08275862068965517
LOG00020,I,accSmooth[0],-87.0,-45.0,-64.1231527093596
LOG00020,I,accSmooth[1],-22.0,22.0,2.6325123152709358
LOG00020,I,accSmooth[2],1984.0,2088.0,2027.4975369458127
LOG00020,I,motor[0],158.0,173.0,163.86502463054188
LOG00020,I,motor[1],158.0,165.0,158.10246305418718
LOG00020,I,motor[2],158.0,176.0,165.98029556650246
LOG00020,I,motor[3],158.0,177.0,164.07093596059113
LOG00020,I,eRPM[0],12.0,260.0,218.7822660098522
LOG00020,I,eRPM[1],12.0,248.0,209.91034482758621
LOG00020,I,eRPM[2],12.0,264.0,222.15369458128077
LOG00020,I,eRPM[3],12.0,260.0,218.96650246305418
LOG00020,G,time,57011420.0,57998331.0,57545640.55555555
LOG00020,G,GPS_numSat,11.0,12.0,11.555555555555555
LOG00020,G,GPS_coord[0],459169176.0,459169178.0,459169177.4444444
LOG00020,G,GPS_coord[1],168454539.0,168454541.0,168454540.2222222
LOG00020,G,GPS_altitude,1507.0,1507.0,1507.0
LOG00020,G,GPS_speed,2.0,12.0,6.0
LOG00020,G,GPS_ground_course,2752.0,3309.0,3247.1111111111113
LOG00020,H,last_main_time,57011173.0,57011173.0,57011173.0
LOG00020,H,GPS_home[0],459169175.0,459169175.0,459169175.0
LOG00020,H,GPS_home[1],168454541.0,168454541.0,168454541.0
LOG00020,S,last_main_time,57011173.0,57985253.0,57498213.0
LOG00020,S,flightModeFlags,0.0,1.0,0.5
LOG00020,S,stateFlags,7.0,7.0,7.0
LOG00020,S,failsafePhase,0.0,0.0,0.0
LOG00020,S,rxSignalReceived,1.0,1.0,1.0
LOG00020,S,rxFlightChannelsValid,1.0,1.0,1.0
LOG00021,I,loopIteration,0.0,1515252.0,757626.0
LOG00021,I,time,79312163.0,453077530.0,266196544.28507394
LOG00021,I,axisP[0],-952.0,765.0,0.0189248549420032
LOG00021,I,axisP[1],-893.0,446.0,-0.23347869930889567
LOG00021,I,axisP[2],-221.0,751.0,0.10243285623023436
LOG00021,I,axisI[0],-98.0,93.0,4.336080503888452
LOG00021,I,axisI[1],-144.0,171.0,-20.974496718706277
LOG00021,I,axisI[2],-209.0,316.0,8.62306831320912
LOG00021,I,axisD[0],-1590.0,1923.0,0.005063170843738616
LOG00021,I,axisD[1],-579.0,649.0,0.01379304883135259
LOG00021,I,axisF[0],-738.0,636.0,0.010530233835074733
LOG00021,I,axisF[1],-900.0,470.0,0.016380070430343122
LOG00021,I,axisF[2],-295.0,334.0,-0.002383755616212706
LOG00021,I,rcCommand[0],-328.0,500.0,-10.906434292291204
LOG00021,I,rcCommand[1],-339.0,500.0,-13.506277487104489
LOG00021,I,rcCommand[2],-208.0,479.0,15.866858141462565
LOG00021,I,rcCommand[3],1000.0,2000.0,1239.1589249605347
LOG00021,I,setpoint[0],-385.0,1170.0,-6.2451229363223115
LOG00021,I,setpoint[1],-414.0,1170.0,-8.811239816902226
LOG00021,I,setpoint[2],-160.0,748.0,9.869033351460084
LOG00021,I,setpoint[3],0.0,1000.0,239.16202146699965
LOG00021,I,vbatLatest,1792.0,2710.0,2281.061700465136
LOG00021,I,amperageLatest,0.0,6835.0,525.2539874450258
LOG00021,I,baroAlt,-1541.0,5396.0,1169.6566784754523
LOG00021,I,rssi,373.0,749.0,551.1508154397673
LOG00021,I,gyroADC[0],-401.0,1186.0,-6.302673607628018
LOG00021,I,gyroADC[1],-437.0,1246.0,-8.682854910325384
LOG00021,I,gyroADC[2],-164.0,382.0,9.753984805207834
LOG00021,I,gyroUnfilt[0],-407.0,1192.0,-6.305857228085551
LOG00021,I,gyroUnfilt[1],-439.0,1268.0,-8.68772009482226
LOG00021,I,gyroUnfilt[2],-175.0,396.0,9.752575142418179
LOG00021,I,accSmooth[0],-5648.0,2530.0,-421.6754106236834
LOG00021,I,accSmooth[1],-4964.0,3270.0,125.20633609106316
LOG00021,I,accSmooth[2],-5886.0,18825.0,2645.3570353788405
LOG00021,I,motor[0],158.0,2047.0,587.8399689557408
LOG00021,I,motor[1],158.0,2047.0,700.1301245466112
LOG00021,I,motor[2],158.0,2047.0,637.0606075805013
LOG00021,I,motor[3],158.0,2047.0,684.1713611429356
LOG00021,I,eRPM[0],12.0,2308.0,799.8284936670767
LOG00021,I,eRPM[1],12.0,2335.0,935.9805630203741
LOG00021,I,eRPM[2],12.0,2335.0,862.6797135269552
LOG00021,I,eRPM[3],12.0,2326.0,916.7484042300443
LOG00021,G,time,79312410.0,453075803.0,267160639.70252147
LOG00021,G,GPS_numSat,12.0,25.0,19.98497854077253
LOG00021,G,GPS_coord[0],459167735.0,459182162.0,459171248.5244099
LOG00021,G,GPS_coord[1],168424403.0,168460648.0,168450567.77092275
LOG00021,G,GPS_altitude,1378.0,1907.0,1509.080203862661
LOG00021,G,GPS_speed,1.0,3746.0,1049.0944206008583
LOG00021,G,GPS_ground_course,0.0,3599.0,1720.4468884120172
LOG00021,H,last_main_time,79312163.0,79312163.0,79312163.0
LOG00021,H,GPS_home[0],459169175.0,459169175.0,459169175.0
LOG00021,H,GPS_home[1],168454541.0,168454541.0,168454541.0
LOG00021,S,last_main_time,79312163.0,453050888.0,266337754.34
LOG00021,S,flightModeFlags,0.0,129.0,13.76
LOG00021,S,stateFlags,7.0,7.0,7.0
LOG00021,S,failsafePhase,0.0,0.0,0.0
LOG00021,S,rxSignalReceived,1.0,1.0,1.0
LOG00021,S,rxFlightChannelsValid,1.0,1.0,1.0
LOG00022,I,loopIteration,0.0,3244.0,1622.0
LOG00022,I,time,68414244.0,69214775.0,68814511.30665025
LOG00022,I,axisP[0],0.0,2.0,0.9753694581280788
LOG00022,I,axisP[1],-1.0,2.0,0.8522167487684729
LOG00022,I,axisP[2],-3.0,1.0,-0.5763546798029556
LOG00022,I,axisI[0],0.0,0.0,0.0
LOG00022,I,axisI[1],0.0,0.0,0.0
LOG00022,I,axisI[2],0.0,0.0,0.0
LOG00022,I,axisD[0],-2.0,2.0,-0.008620689655172414
LOG00022,I,axisD[1],-2.0,2.0,0.014778325123152709
LOG00022,I,axisF[0],0.0,0.0,0.0
LOG00022,I,axisF[1],0.0,0.0,0.0
LOG00022,I,axisF[2],0.0,0.0,0.0
LOG00022,I,rcCommand[0],1.0,1.0,1.0
LOG00022,I,rcCommand[1],0.0,1.0,0.9926108374384236
LOG00022,I,rcCommand[2],-1.0,0.0,-0.9519704433497537
LOG00022,I,rcCommand[3],1000.0,1000.0,1000.0
LOG00022,I,setpoint[0],1.0,1.0,1.0
LOG00022,I,setpoint[1],0.0,1.0,0.9827586206896551
LOG00022,I,setpoint[2],0.0,0.0,0.0
LOG00022,I,setpoint[3],0.0,0.0,0.0
LOG00022,I,vbatLatest,2489.0,2519.0,2509.618226600985
LOG00022,I,amperageLatest,0.0,172.0,97.15270935960591
LOG00022,I,baroAlt,-54.0,-20.0,-34.926108374384235
LOG00022,I,rssi,740.0,773.0,751.7278325123152
LOG00022,I,gyroADC[0],-1.0,1.0,-0.06280788177339902
LOG00022,I,gyroADC[1],-1.0,1.0,-0.013546798029556651
LOG00022,I,gyroADC[2],-1.0,2.0,-0.017241379310344827
LOG00022,I,gyroUnfilt[0],-1.0,1.0,-0.07881773399014778
LOG00022,I,gyroUnfilt[1],-2.0,2.0,-0.05665024630541872
LOG00022,I,gyroUnfilt[2],-2.0,2.0,-0.01600985221674877
LOG00022,I,accSmooth[0],-108.0,-61.0,-86.75615763546799
LOG00022,I,accSmooth[1],8.0,57.0,28.470443349753694
LOG00022,I,accSmooth[2],1941.0,2067.0,2009.9889162561576
LOG00022,I,motor[0],158.0,178.0,164.08743842364532
LOG00022,I,motor[1],158.0,170.0,158.67857142857142
LOG00022,I,motor[2],158.0,181.0,165.47413793103448
LOG00022,I,motor[3],158.0,178.0,164.42118226600985
LOG00022,I,eRPM[0],12.0,260.0,210.41379310344828
LOG00022,I,eRPM[1],12.0,251.0,204.02216748768473
LOG00022,I,eRPM[2],12.0,266.0,212.31896551724137
LOG00022,I,eRPM[3],12.0,263.0,211.8448275862069
LOG00022,G,time,68414491.0,69093858.0,68752768.0
LOG00022,G,GPS_numSat,25.0,26.0,25.2
LOG00022,G,GPS_coord[0],459169283.0,459169284.0,459169283.2
LOG00022,G,GPS_coord[1],168454558.0,168454560.0,168454559.0
LOG00022,G,GPS_altitude,1424.0,1424.0,1424.0
LOG00022,G,GPS_speed,1.0,6.0,3.6
LOG00022,G,GPS_ground_course,58.0,58.0,58.0
LOG00022,H,last_main_time,68414244.0,68414244.0,68414244.0
LOG00022,H,GPS_home[0],459169283.0,459169283.0,459169283.0
LOG00022,H,GPS_home[1],168454560.0,168454560.0,168454560.0
LOG00022,S,last_main_time,68414244.0,69188124.0,68744269.83333333
LOG00022,S,flightModeFlags,0.0,1.0,0.5
LOG00022,S,stateFlags,7.0,7.0,7.0
LOG00022,S,failsafePhase,0.0,0.0,0.0
LOG00022,S,rxSignalReceived,1.0,1.0,1.0
LOG00022,S,rxFlightChannelsValid,1.0,1.0,1.0
LOG00023,I,loopIteration,0.0,1225924.0,612962.0
LOG00023,I,time,88451960.0,390855387.0,239658082.3756338
LOG00023,I,axisP[0],-577.0,300.0,0.016575198543470743
LOG00023,I,axisP[1],-526.0,349.0,-0.28970053706253546
LOG00023,I,axisP[2],-179.0,529.0,0.1905103725504271
LOG00023,I,axisI[0],-160.0,84.0,7.330071586585835
LOG00023,I,axisI[1],-124.0,119.0,-26.13968193890669
LOG00023,I,axisI[2],-219.0,280.0,11.401723429108397
LOG00023,I,axisD[0],-530.0,691.0,0.01782160126859
LOG00023,I,axisD[1],-436.0,476.0,0.004212319157405655
LOG00023,I,axisF[0],-743.0,376.0,-0.011491702612225188
LOG00023,I,axisF[1],-434.0,360.0,0.04273334159918037
LOG00023,I,axisF[2],-288.0,299.0,0.005817633662009514
LOG00023,I,rcCommand[0],-342.0,500.0,-23.026954274639294
LOG00023,I,rcCommand[1],-271.0,500.0,-20.612535157040217
LOG00023,I,rcCommand[2],-198.0,500.0,24.231657976651157
LOG00023,I,rcCommand[3],1000.0,2000.0,1294.096798506927
LOG00023,I,setpoint[0],-421.0,1170.0,-15.850447987157484
LOG00023,I,setpoint[1],-265.0,1170.0,-13.96992319287919
LOG00023,I,setpoint[2],-150.0,861.0,15.800513570128098
LOG00023,I,setpoint[3],0.0,1000.0,294.101043454428
LOG00023,I,vbatLatest,1798.0,2628.0,2279.142683746517
LOG00023,I,amperageLatest,0.0,4045.0,652.3789847364609
LOG00023,I,baroAlt,-1972.0,3876.0,691.5213650393824
LOG00023,I,rssi,391.0,707.0,564.6828198719663
LOG00023,I,gyroADC[0],-441.0,1197.0,-15.923261398711833
LOG00023,I,gyroADC[1],-270.0,1110.0,-13.804732414954222
LOG00023,I,gyroADC[2],-156.0,862.0,15.609122232300756
LOG00023,I,gyroUnfilt[0],-456.0,1202.0,-15.930576673344602
LOG00023,I,gyroUnfilt[1],-275.0,1114.0,-13.812850346839292
LOG00023,I,gyroUnfilt[2],-166.0,872.0,15.609004770263832
LOG00023,I,accSmooth[0],-3343.0,1768.0,-549.4596452646485
LOG00023,I,accSmooth[1],-3191.0,3394.0,230.6332345782134
LOG00023,I,accSmooth[2],-7383.0,16216.0,3067.8572542596303
LOG00023,I,motor[0],158.0,2047.0,634.9292682767666
LOG00023,I,motor[1],158.0,2047.0,777.8748376739907
LOG00023,I,motor[2],158.0,2047.0,706.1951109689966
LOG00023,I,motor[3],158.0,2047.0,762.3624160635861
LOG00023,I,eRPM[0],12.0,2326.0,849.9827624460817
LOG00023,I,eRPM[1],12.0,2335.0,1013.8673592576399
LOG00023,I,eRPM[2],12.0,2335.0,937.6788424768828
LOG00023,I,eRPM[3],12.0,2326.0,997.2163291808328
LOG00023,G,time,88452206.0,390843545.0,243944454.7761348
LOG00023,G,GPS_numSat,21.0,28.0,25.758253094910593
LOG00023,G,GPS_coord[0],459167602.0,459175256.0,459170960.5983494
LOG00023,G,GPS_coord[1],168442190.0,168458793.0,168451732.38755158
LOG00023,G,GPS_altitude,1364.0,1614.0,1447.1162310866575
LOG00023,G,GPS_speed,0.0,4151.0,1285.0371389270977
LOG00023,G,GPS_ground_course,4.0,3599.0,1768.9246905089408
LOG00023,H,last_main_time,88451960.0,88451960.0,88451960.0
LOG00023,H,GPS_home[0],459169283.0,459169283.0,459169283.0
LOG00023,H,GPS_home[1],168454560.0,168454560.0,168454560.0
LOG00023,S,last_main_time,88451960.0,390828746.0,241910864.17948717
LOG00023,S,flightModeFlags,0.0,1.0,0.9743589743589743
LOG00023,S,stateFlags,7.0,7.0,7.0
LOG00023,S,failsafePhase,0.0,0.0,0.0
LOG00023,S,rxSignalReceived,1.0,1.0,1.0
LOG00023,S,rxFlightChannelsValid,1.0,1.0,1.0
LOG00024,I,loopIteration,0.0,2712.0,1356.0
LOG00024,I,time,70324251.0,70993463.0,70658857.96318115
LOG00024,I,axisP[0],0.0,2.0,0.9337260677466863
LOG00024,I,axisP[1],-1.0,3.0,1.0382916053019147
LOG00024,I,axisP[2],-1.0,0.0,-0.4020618556701031
LOG00024,I,axisI[0],0.0,0.0,0.0
LOG00024,I,axisI[1],0.0,0.0,0.0
LOG00024,I,axisI[2],0.0,0.0,0.0
LOG00024,I,axisD[0],-2.0,2.0,0.013254786450662739
LOG00024,I,axisD[1],-3.0,3.0,-0.007363770250368188
LOG00024,I,axisF[0],0.0,0.0,0.0
LOG00024,I,axisF[1],0.0,0.0,0.0
LOG00024,I,axisF[2],0.0,0.0,0.0
LOG00024,I,rcCommand[0],0.0,1.0,0.9896907216494846
LOG00024,I,rcCommand[1],1.0,1.0,1.0
LOG00024,I,rcCommand[2],-1.0,0.0,-0.8497790868924889
LOG00024,I,rcCommand[3],1000.0,1000.0,1000.0
LOG00024,I,setpoint[0],0.0,1.0,0.9926362297496318
LOG00024,I,setpoint[1],1.0,1.0,1.0
LOG00024,I,setpoint[2],0.0,0.0,0.0
LOG00024,I,setpoint[3],0.0,0.0,0.0
LOG00024,I,vbatLatest,2493.0,2525.0,2511.7658321060385
LOG00024,I,amperageLatest,0.0,180.0,106.6038291605302
LOG00024,I,baroAlt,26.0,76.0,47.77614138438881
LOG00024,I,rssi,699.0,699.0,699.0
LOG00024,I,gyroADC[0],-1.0,1.0,-0.022091310751104567
LOG00024,I,gyroADC[1],-2.0,1.0,-0.1796759941089838
LOG00024,I,gyroADC[2],-1.0,1.0,-0.039764359351988215
LOG00024,I,gyroUnfilt[0],-1.0,1.0,-0.09278350515463918
LOG00024,I,gyroUnfilt[1],-2.0,2.0,-0.16200294550810015
LOG00024,I,gyroUnfilt[2],-1.0,1.0,-0.08394698085419734
LOG00024,I,accSmooth[0],-118.0,-60.0,-90.61119293078056
LOG00024,I,accSmooth[1],-8.0,42.0,16.20324005891016
LOG00024,I,accSmooth[2],2002.0,2070.0,2036.4374079528718
LOG00024,I,motor[0],158.0,182.0,164.18703976435935
LOG00024,I,motor[1],158.0,172.0,158.6318114874816
LOG00024,I,motor[2],158.0,188.0,166.10898379970544
LOG00024,I,motor[3],158.0,173.0,163.73343151693666
LOG00024,I,eRPM[0],12.0,261.0,200.82768777614137
LOG00024,I,eRPM[1],12.0,250.0,195.6480117820324
LOG00024,I,eRPM[2],12.0,270.0,205.4742268041237
LOG00024,I,eRPM[3],12.0,261.0,201.6435935198822
LOG00024,G,time,70324497.0,70844174.0,70617500.0
LOG00024,G,GPS_numSat,28.0,29.0,28.6
LOG00024,G,GPS_coord[0],459169192.0,459169192.0,459169192.0
LOG00024,G,GPS_coord[1],168454402.0,168454403.0,168454402.4
LOG00024,G,GPS_altitude,1397.0,1397.0,1397.0
LOG00024,G,GPS_speed,2.0,5.0,3.2
LOG00024,G,GPS_ground_course,3115.0,3115.0,3115.0
LOG00024,H,last_main_time,70324251.0,70324251.0,70324251.0
LOG00024,H,GPS_home[0],459169192.0,459169192.0,459169192.0
LOG00024,H,GPS_home[1],168454404.0,168454404.0,168454404.0
LOG00024,S,last_main_time,70324251.0,70966813.0,70796314.75
LOG00024,S,flightModeFlags,0.0,1.0,0.5
LOG00024,S,stateFlags,7.0,7.0,7.0
LOG00024,S,failsafePhase,0.0,0.0,0.0
LOG00024,S,rxSignalReceived,1.0,1.0,1.0
LOG00024,S,rxFlightChannelsValid,1.0,1.0,1.0
LOG00025,I,loopIteration,0.0,1452344.0,726172.0
LOG00025,I,time,83930273.0,442184414.0,263059294.80601344
LOG00025,I,axisP[0],-450.0,672.0,0.14866684844128267
LOG00025,I,axisP[1],-892.0,469.0,-0.38364083539206856
LOG00025,I,axisP[2],-155.0,700.0,0.33642625596620096
LOG00025,I,axisI[0],-99.0,72.0,4.604254627678766
LOG00025,I,axisI[1],-118.0,133.0,-25.099609735407768
LOG00025,I,axisI[2],-181.0,251.0,9.422636998846007
LOG00025,I,axisD[0],-557.0,610.0,0.009342113598118358
LOG00025,I,axisD[1],-532.0,608.0,0.029645787373274175
LOG00025,I,axisF[0],-710.0,650.0,0.03378804528942099
LOG00025,I,axisF[1],-826.0,445.0,0.00858196520393184
LOG00025,I,axisF[2],-183.0,282.0,0.0062188951959172315
LOG00025,I,rcCommand[0],-391.0,500.0,-13.429599517471019
LOG00025,I,rcCommand[1],-281.0,500.0,-16.475139567101
LOG00025,I,rcCommand[2],-203.0,500.0,19.538344804413267
LOG00025,I,rcCommand[3],1000.0,2000.0,1281.5271904529768
LOG00025,I,setpoint[0],-581.0,1170.0,-8.703007819062648
LOG00025,I,setpoint[1],-284.0,1170.0,-10.677242644324913
LOG00025,I,setpoint[2],-156.0,861.0,12.767543316064744
LOG00025,I,setpoint[3],0.0,1000.0,281.53424936723155
LOG00025,I,vbatLatest,1755.0,2638.0,2290.350469722133
LOG00025,I,amperageLatest,0.0,3947.0,606.1078832345967
LOG00025,I,baroAlt,-3639.0,5085.0,963.3901571799596
LOG00025,I,rssi,379.0,737.0,564.635682357121
LOG00025,I,gyroADC[0],-623.0,1161.0,-8.86689966867445
LOG00025,I,gyroADC[1],-292.0,1180.0,-10.467455458333678
LOG00025,I,gyroADC[2],-158.0,679.0,12.46531822951524
LOG00025,I,gyroUnfilt[0],-632.0,1167.0,-8.876500673392327
LOG00025,I,gyroUnfilt[1],-294.0,1191.0,-10.473935998810202
LOG00025,I,gyroUnfilt[2],-165.0,685.0,12.466105919517911
LOG00025,I,accSmooth[0],-2964.0,1628.0,-480.70926527251044
LOG00025,I,accSmooth[1],-3294.0,3951.0,171.24098632008307
LOG00025,I,accSmooth[2],-6622.0,15737.0,2820.4019477425522
LOG00025,I,motor[0],158.0,2047.0,622.337957569398
LOG00025,I,motor[1],158.0,2047.0,754.298708023146
LOG00025,I,motor[2],158.0,2047.0,676.5939127536926
LOG00025,I,motor[3],158.0,2047.0,736.1102187629962
LOG00025,I,eRPM[0],12.0,2230.0,841.1796428955043
LOG00025,I,eRPM[1],12.0,2326.0,996.9867166822277
LOG00025,I,eRPM[2],12.0,2326.0,911.4536460958393
LOG00025,I,eRPM[3],12.0,2326.0,976.4339703707376
LOG00025,G,time,83930520.0,442096838.0,262883388.0846271
LOG00025,G,GPS_numSat,24.0,31.0,28.955251141552512
LOG00025,G,GPS_coord[0],459167101.0,459175205.0,459170409.8280061
LOG00025,G,GPS_coord[1],168443690.0,168464124.0,168453416.91476408
LOG00025,G,GPS_altitude,1363.0,1689.0,1472.1418569254186
LOG00025,G,GPS_speed,0.0,4327.0,1125.0818873668188
LOG00025,G,GPS_ground_course,3.0,3598.0,1787.6267884322679
LOG00025,H,last_main_time,83930273.0,83930273.0,83930273.0
LOG00025,H,GPS_home[0],459169192.0,459169192.0,459169192.0
LOG00025,H,GPS_home[1],168454404.0,168454404.0,168454404.0
LOG00025,S,last_main_time,83930273.0,442157772.0,265679553.8478261
LOG00025,S,flightModeFlags,0.0,1.0,0.9782608695652174
LOG00025,S,stateFlags,7.0,7.0,7.0
LOG00025,S,failsafePhase,0.0,0.0,0.0
LOG00025,S,rxSignalReceived,1.0,1.0,1.0
LOG00025,S,rxFlightChannelsValid,1.0,1.0,1.0
LOG00026,I,loopIteration,0.0,1507644.0,753822.0
LOG00026,I,time,77599516.0,449497005.0,263549933.87835357
LOG00026,I,axisP[0],-653.0,714.0,0.059350723776372204
LOG00026,I,axisP[1],-979.0,517.0,-0.768654221675086
LOG00026,I,axisP[2],-172.0,917.0,1.2706308103748356
LOG00026,I,axisI[0],-98.0,82.0,4.759447828670884
LOG00026,I,axisI[1],-154.0,128.0,-24.60829583563272
LOG00026,I,axisI[2],-179.0,226.0,7.147734749755911
LOG00026,I,axisD[0],-612.0,709.0,-0.001939444751029418
LOG00026,I,axisD[1],-632.0,642.0,0.014836354374495904
LOG00026,I,axisF[0],-940.0,725.0,-0.020041813473702083
LOG00026,I,axisF[1],-796.0,676.0,0.07267213567092584
LOG00026,I,axisF[2],-988.0,686.0,0.07057615570743303
LOG00026,I,rcCommand[0],-351.0,500.0,-8.43064959460033
LOG00026,I,rcCommand[1],-233.0,500.0,-15.541871842764358
LOG00026,I,rcCommand[2],-271.0,500.0,16.035512268115635
LOG00026,I,rcCommand[3],1000.0,2000.0,1270.0081504436048
LOG00026,I,setpoint[0],-448.0,1170.0,-4.193777327333701
LOG00026,I,setpoint[1],-207.0,1170.0,-9.026642823789107
LOG00026,I,setpoint[2],-238.0,861.0,11.045787876215138
LOG00026,I,setpoint[3],0.0,1000.0,270.0153935136053
LOG00026,I,vbatLatest,1796.0,2662.0,2292.182665980388
LOG00026,I,amperageLatest,0.0,4627.0,583.8824659336927
LOG00026,I,baroAlt,-2198.0,4743.0,889.8894145052426
LOG00026,I,rssi,389.0,744.0,555.9645620197819
LOG00026,I,gyroADC[0],-468.0,1173.0,-4.297751199218916
LOG00026,I,gyroADC[1],-213.0,1179.0,-8.589222417964937
LOG00026,I,gyroADC[2],-248.0,593.0,10.081406269898544
LOG00026,I,gyroUnfilt[0],-474.0,1179.0,-4.301648660695335
LOG00026,I,gyroUnfilt[1],-217.0,1183.0,-8.59592159443053
LOG00026,I,gyroUnfilt[2],-256.0,599.0,10.081955469711763
LOG00026,I,accSmooth[0],-3246.0,2214.0,-398.7914738718852
LOG00026,I,accSmooth[1],-3720.0,4221.0,125.78976525024409
LOG00026,I,accSmooth[2],-4009.0,14898.0,2863.3909931230633
LOG00026,I,motor[0],158.0,2047.0,606.4824202996986
LOG00026,I,motor[1],158.0,2047.0,729.7900730143906
LOG00026,I,motor[2],158.0,2047.0,653.4728159358152
LOG00026,I,motor[3],158.0,2047.0,719.27232616632
LOG00026,I,eRPM[0],12.0,2222.0,819.4027518359724
LOG00026,I,eRPM[1],12.0,2326.0,968.5090100607039
LOG00026,I,eRPM[2],12.0,2151.0,882.9871641125781
LOG00026,I,eRPM[3],12.0,2326.0,956.222948592775
LOG00026,G,time,77599763.0,449463209.0,264425542.76057553
LOG00026,G,GPS_numSat,25.0,30.0,29.61410071942446
LOG00026,G,GPS_coord[0],459164211.0,459175796.0,459170665.5174101
LOG00026,G,GPS_coord[1],168444674.0,168461057.0,168452625.9047482
LOG00026,G,GPS_altitude,1389.0,1659.0,1483.4575539568345
LOG00026,G,GPS_speed,0.0,3552.0,1044.0874820143886
LOG00026,G,GPS_ground_course,1.0,3599.0,1794.8106474820145
LOG00026,H,last_main_time,77599516.0,77599516.0,77599516.0
LOG00026,H,GPS_home[0],459169107.0,459169107.0,459169107.0
LOG00026,H,GPS_home[1],168454429.0,168454429.0,168454429.0
LOG00026,S,last_main_time,77599516.0,449470363.0,267385074.0625
LOG00026,S,flightModeFlags,0.0,1.0,0.9791666666666666
LOG00026,S,stateFlags,7.0,7.0,7.0
LOG00026,S,failsafePhase,0.0,0.0,0.0
LOG00026,S,rxSignalReceived,1.0,1.0,1.0
LOG00026,S,rxFlightChannelsValid,1.0,1.0,1.0
